ID,full_year_008,Date of publication(260_c_un_2641_c)
20774,1999,19--
24428,2000,1997-2002
45020,1992,199-
69620,1993,1993-1994
92571,1994,1995-1996
95362,1995,1996
105613,2007,199-
108458,2007,200-
109089,1997,199-
134787,2007,2006
170497,2008,"2003, 2011"
180957,2000,1997-2006
181567,2000,2000-2007
191837,2001,2003
194009,2006,2007
194330,2006,izdošanas gads nav zināms
201760,2007,2006
211650,2008,199-
214047,2001,19--
214561,1985,1969
216888,1939,196-
216890,1939,19--
217097,1921,19--
217950,1886,19--
218414,1935,1933-1935
219626,1943,1927
219713,1943,19--
219910,2006,19--
219962,2006,izdošanas gads nav zināms
219967,2006,izdošanas gads nav zināms
219969,2006,izdošanas gads nav zināms
219970,2006,izdošanas gads nav zināms
220575,1935,19--
220576,1935,19--
220779,1912,izdošanas gads nav zināms
221347,1970,19--
222212,1970,2002
222544,1983,1971
222548,1983,1982
222549,2006,1974
224086,1993,1998
224278,1977,1974
224812,1987,2002-2004
225050,1987,izdošanas gads nav zināms
225642,1922,19--
225922,1910,19--
226015,1910,19--
226074,2002,200-
229880,1978,izdošanas gads nav zināms
231014,1938,izdošanas gads nav zināms
231110,1984,izdošanas gads nav zināms
231120,1984,izdošanas gads nav zināms
231124,1984,izdošanas gads nav zināms
231320,1984,19--
232199,1939,izdošanas gads nav zināms
233963,2002,19--
234999,1958,1969
235084,1890,190-
236012,1971,1895-1904
236014,1971,izdošanas gads nav zināms
236015,1971,izdošanas gads nav zināms
236016,1971,19--
236131,1907,19--
236132,1907,19--
236133,1907,19--
236200,1898,19--
236203,1898,19--
236206,1898,19--
236211,1929,19--
236213,1929,19--
236214,1929,19--
236215,1929,19--
236216,1929,19--
236217,1929,19--
236218,1929,19--
236219,1929,19--
236220,1929,19--
236221,1929,nan
236222,1929,19--
236280,1906,izdošanas gads nav zināms
236370,1937,19--
236417,1943,19--
236525,2002,19--
236555,2002,izdošanas gads nav zināms
236559,2002,19--
236588,1943,19--
236590,1927,19--
236620,1894,19--
236623,1894,19--
236633,1940,19--
236634,1940,19--
236635,1940,19--
236636,1940,19--
236638,1940,19--
236639,1940,19--
236644,1940,19--
236646,1940,19--
236649,1925,19--
236658,1942,19--
236792,1942,izdošanas gads nav zināms
236848,1963,19--
237069,1935,1934
237070,1935,19--
237071,1935,19--
237102,2002,19--
237113,2002,19--
237473,1932,izdošanas gads nav zināms
237688,1944,19--
237711,1944,izdošanas gads nav zināms
237725,1943,19--
237726,1943,19--
237733,1942,1943
237734,1942,19--
237735,1942,19--
237740,1943,18--
237748,1939,19--
237750,1939,19--
237756,1939,19--
237770,1925,19--
237783,1925,19--
237787,1925,19--
238370,1936,1938
238550,1929,1929/1930
238746,1924,19--
238910,1924,19--
238915,1924,192-
239458,1924,1915
239554,1924,19--
239720,1926,18--
239725,1926,1908
239733,1926,19--
239735,1926,19--
239753,1924,19--
240105,1926,izdošanas gads nav zināms
240215,2003,2003-2004
240603,2003,2003-2004
242710,1930,izdošanas gads nav zināms
242712,1930,19--
243199,1930,19--
243202,1930,192-
243205,1939,1935-1939
243213,1938,19--
243214,1938,19--
243215,1938,19--
243217,1938,19--
243224,1937,19--
243225,1937,19--
243226,1937,19--
243229,1937,19--
243230,1937,19--
243231,1937,19--
243232,1937,19--
243233,1937,19--
243236,1937,19--
243238,1937,19--
243239,1937,19--
243240,1937,19--
243260,1938,1937
243263,1939,19--
243266,1939,19--
243268,1939,19--
243270,1939,19--
243272,1939,19--
243274,1939,19--
243275,1939,19--
243276,1939,19--
243412,1938,19--
243414,1938,19--
243417,1938,19--
243421,1938,192-
243430,1924,192-
243441,1934,19--
243444,1934,19--
243446,1934,19--
243447,1934,19--
243448,1934,19--
243449,1934,19--
243451,1934,193-
243453,1934,19--
243459,1938,1937
243538,1998,1968
244269,1943,19--
248612,1942,19--
248859,2003,2003-2010
248904,2003,2002
248912,2003,2002
250066,2007,19--
250174,2007,1941
250434,2007,1933
250439,2007,19--
250440,2007,1932
250489,1989,19--
250790,1989,19--
251857,2003,1960
252074,1944,izdošanas gads nav zināms
252076,1944,izdošanas gads nav zināms
252125,1944,19--
252225,1989,1993
252226,2004,1991
252227,2004,2002
252233,1991,1999
252236,1991,1993
252238,1991,1995
252239,1991,1993
252245,2002,izdošanas gads nav zināms
252246,2002,1991
252248,2002,1991
252287,2002,1932
252291,1931,1932
252573,1931,izdošanas gads nav zināms
252590,1931,19--
253847,1991,19--
254441,1956,19--
254593,1982,izdošanas gads nav zināms
254623,1982,1970
254856,1985,19--
257320,1971,19--
257438,1969,izdošanas gads nav zināms
258137,1989,19--
258138,1989,19--
258141,1989,19--
258358,1989,19--
258369,1989,19--
258411,1989,19--
258416,1989,19--
258455,2004,2003
259278,1941,18--
259428,1941,19--
259532,1985,19--
259537,1985,1934
259543,1985,19--
259550,1934,1---
259556,1958,izdošanas gads nav zināms
259566,1921,19--
259570,1921,19--
264677,2006,19--
265299,2006,19--
265337,2006,19--
265351,2006,1909
265366,1926,nan
265436,1926,izdošanas gads nav zināms
266092,2004,189-
266094,2004,19--
266766,1927,1928
267129,1927,18--
267192,1927,19--
268272,1909,19--
270665,1992,19--
271012,1993,izdošanas gads nav zināms
272196,2004,19--
272346,2004,19--
273483,1942,198-
273590,1942,izdošanas gads nav zināms
274905,2008,19--
277373,1898,19--
277437,1928,19--
277451,1928,19--
277479,1928,19--
278446,2005,19--
278475,2005,2004
278868,2000,200-
281174,1925,189-
292311,2007,izdošanas gads nav zināms
292455,2007,izdošanas gads nav zināms
293416,1963,19--
293456,1963,19--
293459,1963,19--
293487,1963,190-
294249,1963,19--
302053,2006,19--
313438,1966,2005
314178,2005,19--
317828,1911,19--
317858,1911,19--
318000,1911,19--
318065,1911,19--
318276,1911,19--
318281,1911,19--
318286,1911,19--
321178,1993,19--
321181,1993,19--
322183,2006,19--
322184,2006,19--
322323,2006,izdošanas gads nav zināms
322686,2006,19--
323200,1957,izdošanas gads nav zināms
323309,1957,izdošanas gads nav zināms
323526,1957,izdošanas gads nav zināms
323586,1957,19--
324196,1957,19--
324257,1983,19--
324284,1983,19--
324319,1983,19--
327975,1996,19--
327977,1996,19--
327978,1996,19--
329010,1996,19--
329013,1996,19--
329021,1996,19--
329023,1996,19--
329026,1996,19--
329027,1996,19--
329028,1996,19--
329031,1996,19--
329094,1996,19--
329097,1996,19--
329098,1996,19--
329102,1996,19--
329106,1996,19--
329234,1996,19--
329312,1996,19--
329313,1996,19--
329314,1996,19--
329316,1996,19--
329317,1996,19--
329320,1996,19--
329330,1996,19--
329331,1996,19--
329568,1996,19--
329578,1938,19--
329590,1939,19--
329666,1936,19--
329688,1936,19--
330025,1936,19--
330095,1936,19--
330244,1936,1978
330255,1982,19--
330257,1982,19--
330615,1932,1958
330616,1932,1957
330656,1988,1956
330753,1988,1959
330756,1988,1957
330758,1988,1959
330833,1969,19--
330847,1969,1957
330876,1988,1980
331077,1988,1966
331086,1988,1954
331202,1988,1934
331217,1988,19--
331222,1934,19--
331224,1934,1935
331229,1934,19--
331237,1934,1988
331243,1934,1988
331248,1979,1989
331256,1966,19--
331257,1966,19--
331259,1966,19--
331261,1966,19--
331415,1985,1929
331552,1936,19--
331554,1936,1958
331974,1936,19--
331978,1936,19--
331984,1936,19--
331988,1936,19--
331997,1936,1928
332008,1936,19--
332175,1936,19--
332179,1936,19--
332181,1936,19--
332188,1936,19--
332192,1936,19--
332196,1936,19--
332203,1937,1951
332212,1937,19--
332215,1937,1950
332365,1958,1934
332381,1934,1985
332485,1934,1951
332499,1934,19--
332509,1934,19--
332517,1934,19--
332528,1958,19--
332540,1958,19--
332542,1958,1988
332544,1958,1985
332554,1958,19--
332565,1958,1933
332568,1958,19--
332595,1958,19--
332601,1958,1984
333171,1958,19--
333190,1958,19--
333192,1992,1978
333193,1992,19--
333194,1992,1977
333195,1992,19--
333196,1992,1980
333553,1992,1940
333571,1992,19--
333574,1992,19--
333577,1992,1933
333591,1958,19--
334036,1939,19--
334041,1939,19--
334045,1939,1931
334052,1939,19--
334112,1938,19--
334145,1938,19--
334148,1938,19--
334149,1938,1962
334151,1938,19--
334156,1938,19--
334159,1938,19--
334164,1938,19--
334167,1938,19--
334169,1938,19--
334171,1938,19--
334420,1938,19--
334533,1938,19--
334549,1938,19--
334556,1938,1933
334558,1938,19--
334562,1938,19--
334566,1938,19--
334574,1938,19--
334591,1936,1933
334612,1936,19--
334619,1936,19--
334642,1936,19--
334662,1931,19--
334663,1931,19--
334664,1931,19--
334678,1931,1941
334680,1931,1937
334683,1931,19--
334686,1931,19--
334688,1931,1930
334691,1931,1929
334695,1931,19--
334699,1931,19--
334709,1939,19--
334712,1939,19--
334713,1939,19--
334716,1939,19--
334776,1939,19--
334780,1939,19--
334781,1939,1934
334782,1939,19--
334785,1939,19--
334786,1939,19--
334788,1939,1942
334790,1939,19--
334871,1939,19--
334872,1939,1934
334874,1939,1900
334878,1939,19--
334881,1939,19--
334882,1939,19--
334886,1939,19--
334888,1939,19--
334898,1928,19--
334917,2007,1935/1936
334962,1981,1984
334967,1981,19--
334987,1958,19--
335015,1955,19--
335019,1955,19--
335021,1955,19--
335039,1955,19--
335045,1955,19--
335059,1955,19--
335069,1955,1984
335363,1955,19--
335366,1955,19--
335420,1955,19--
335429,1955,19--
335847,1938,19--
335850,1938,izdošanas gads nav zināms
336156,1938,izdošanas gads nav zināms
336888,2007,200-
336967,2007,200-
336968,2007,2002
336991,2007,19--
337045,1995,"1995, 1997"
337426,1995,20--
337520,1995,20--
337659,1995,1935
345912,2002,1982
345918,2002,1982
345927,2002,1982
345929,2002,1982
345931,2002,1982
345932,2002,1982
345939,2002,1982
345951,2002,1980
347201,1995,19--
348239,1995,1981
353920,1943,19--
357276,1943,19--
357280,1943,19--
357281,1943,19--
357284,1943,19--
357515,1943,1971
357596,1943,1995
361637,1943,19--
362009,1943,19--
362016,1943,19--
362547,2008,2006-2008
364315,2007,19--
365465,2007,19--
365494,1983,19--
372348,2007,1884-1885
373043,2007,200-
377301,2008,19--
377315,2008,2005
377317,2008,19--
378030,2008,19--
378649,2008,1971
378674,2008,19--
378688,2008,1908
378693,2008,1908
378696,2008,1908
378700,2008,1906
378724,2008,19--
378815,1906,19--
378827,1906,1908
378863,1906,izdošanas gads nav zināms
386720,1908,1906
386959,1906,200-
389253,1942,izdošanas gads nav zināms
389984,1904,19--
389986,1904,izdošanas gads nav zināms
390122,1904,19--
390123,1904,19--
390256,1904,19--
390263,1904,19--
391732,1938,19--
391904,1938,1906-1919
391954,1934,19--
391956,1934,19--
391959,1934,izdošanas gads nav zināms
392082,1928,19--
392132,1933,19--
392137,1933,19--
392152,1933,19--
392153,1933,19--
392156,1933,19--
392201,1933,izdošanas gads nav zināms
392208,1933,izdošanas gads nav zināms
392254,1958,19--
392268,1958,19--
392322,1958,19--
392323,1958,19--
392345,1958,1971
392393,1902,1903
392531,1903,19--
392578,1903,19--
392580,1903,19--
392581,1903,19--
392583,1903,19--
392723,1934,1936
392733,1934,19--
393030,1934,19--
393145,1934,19--
393164,1934,19--
393432,1932,19--
394202,1932,19--
397866,2008,1936
398482,1936,19--
400084,1987,izdošanas gads nav zināms
400119,1987,izdošanas gads nav zināms
401856,2008,1932
402317,1996,2004
405578,2009,19--
405579,2009,19--
405580,2009,19--
405581,2009,1958-1967
405590,2009,19--
408667,1986,19--
408671,1986,1994
408675,1986,19--
408708,1986,1964
409957,1986,199-
411230,1986,2008
411280,2007,19--
411283,2007,19--
424120,1925,izdošanas gads nav zināms
424145,1950,1955
424151,1950,1953
424919,1987,izdošanas gads nav zināms
425650,1987,2005
425664,1987,2009
426306,1937,19--
426339,1937,190-
428201,1997,2008
428232,1997,1987
428866,1997,1996
428907,1997,2008
429833,1997,2006-2008
430321,1997,19--
440851,1941,1996
448279,2009,192-
449899,2009,19--
449900,2009,19--
449914,2009,19--
449971,1984,19--
449973,1984,193-
449974,1984,19--
449975,1984,19--
449978,1984,19--
449979,1984,1---
449980,1984,19--
449990,1984,19--
449993,1984,19--
449994,1984,19--
450014,1984,19--
450019,1984,19--
450020,1984,19--
450022,1984,19--
450025,1984,19--
450030,1984,19--
450044,1984,19--
450047,1984,192-
450058,1985,1986
450279,1998,19--
450293,1998,19--
450297,1922,1---
450299,1922,1---
450302,1922,19--
450304,1922,19--
450307,1922,1---
450310,1922,19--
450311,1922,izdošanas gads nav zināms
450312,1922,19--
450314,1922,1---
450318,1986,1886
450322,1986,19--
450323,1986,19--
453200,1986,19--
459652,2009,199-
459656,1988,19--
459657,1988,19--
459659,1988,19--
459660,1988,19--
459661,1988,19--
459662,1988,19--
459665,1988,19--
459666,1988,19--
459669,1988,19--
459670,1988,19--
459671,1988,19--
459678,1988,19--
459826,1994,19--
479659,1963,19--
479662,1963,19--
479692,1963,19--
479697,1963,19--
479698,1963,19--
479699,1963,19--
479700,1963,19--
479704,1963,izdošanas gads nav zināms
479714,1873,1875
479722,1892,19--
479814,1994,1996
479818,1994,izdošanas gads nav zināms
479820,1994,18--
479821,1994,18--
479834,1994,izdošanas gads nav zināms
479838,1994,izdošanas gads nav zināms
479839,1994,izdošanas gads nav zināms
479840,1994,izdošanas gads nav zināms
479841,1994,izdošanas gads nav zināms
479842,1994,izdošanas gads nav zināms
479845,1994,19--
479846,1994,izdošanas gads nav zināms
479847,1994,izdošanas gads nav zināms
479848,1994,19--
479849,1994,19--
479850,1994,izdošanas gads nav zināms
479851,1994,19--
479852,1994,19--
479853,1994,19--
479854,1994,19--
479855,1994,19--
479856,1994,19--
479857,1994,19--
479858,1994,19--
479859,1994,19--
479860,1994,19--
479861,1994,19--
479866,1922,izdošanas gads nav zināms
481299,1922,19--
483752,1922,19--
483760,1922,19--
483841,1922,19--
484267,1963,198-
484270,1861,1884
484327,1980,1989
484331,1997,19--
484332,1997,19--
484336,1997,izdošanas gads nav zināms
484341,1997,1---
486467,2010,19--
490550,1990,19--
490687,1986,19--
490703,1986,19--
490829,1986,19--
492135,1998,izdošanas gads nav zināms
494172,1981,19--
499642,1937,1937-1938
505491,1972,19--
508960,2010,izdošanas gads nav zināms
512693,1917,19--
512696,1917,19--
513132,1917,19--
513133,1917,19--
513136,1917,19--
513137,1917,19--
513138,1917,19--
513139,1917,19--
513142,1917,193-
513159,1983,19--
513167,1985,19--
513175,1985,19--
513179,1985,19--
513183,1985,19--
513185,1985,19--
513188,1985,19--
513189,1985,19--
513208,1938,1938-1939
513339,1994,19--
515165,1876,19--
517163,1892,1986-1995
518211,1881,"1881,1882"
520356,1900,19--
526563,2007,2010
526613,2009,2010-2013
528902,1996,19--
529230,1949,19--
529232,1949,19--
529252,1949,19--
529287,1940,1942-1943
529343,1986,1---
529344,1986,1---
529345,1986,1---
529346,1986,1---
529347,1986,1---
529348,1986,1---
529349,1986,1---
529351,1986,1---
529352,1986,1---
529353,1986,izdošanas gads nav zināms
529356,1986,izdošanas gads nav zināms
529357,1986,19--
529358,1986,1---
529359,1986,1---
529360,1986,izdošanas gads nav zināms
529362,1986,1---
529363,1986,19--
529364,1986,19--
529365,1986,19--
529366,1986,19--
529367,1986,19--
529368,1986,1---
529369,1986,19--
529370,1986,1---
529371,1986,1---
529378,1986,19--
529379,1986,19--
529381,1986,1---
529382,1986,19--
529383,1986,izdošanas gads nav zināms
529384,1986,izdošanas gads nav zināms
529386,1986,19--
529387,1986,19--
529388,1986,1---
529389,1986,1---
529390,1986,1---
529392,1986,1---
529393,1986,1---
529394,1986,1---
529395,1986,1---
529396,1986,19--
529397,1986,1---
529398,1986,1---
532698,1979,19--
538718,1983,19--
538813,1983,19--
539551,1977,19--
540355,1977,19--
543189,1975,199-
543957,1930,19--
543969,1930,19--
543970,1930,19--
543971,1930,19--
543981,1966,19--
543987,1962,19--
543990,1957,19--
543997,1953,19--
544015,1978,19--
544021,1964,19--
544022,1964,19--
544041,1934,1934-1935
544059,1966,19--
544074,1986,19--
544076,1977,19--
544080,1977,19--
544082,1977,19--
544091,1976,19--
544109,1976,19--
544111,1961,19--
544113,1924,19--
544124,1934,19--
544144,1987,19--
544151,1981,19--
544157,1987,19--
544172,1977,19--
544177,1986,1971-1974
544178,1986,19--
544193,1972,19--
544195,1974,19--
544197,1974,19--
544201,1974,19--
544203,1974,19--
544205,1974,19--
544207,1984,19--
544209,1974,19--
544210,1974,19--
544211,1974,19--
544214,1974,19--
544217,1974,19--
544218,1974,19--
544219,1974,19--
544220,1974,19--
544226,1971,19--
544228,1971,19--
544229,1971,19--
544232,1988,19--
544233,1988,19--
544235,1988,19--
544243,1988,19--
544245,1988,19--
544246,1988,19--
544255,1988,19--
544256,1988,19--
544257,1988,19--
544275,1930,19--
544281,1930,izdošanas gads nav zināms
553395,1982,19--
556674,1994,"1963, 1964"
559315,1975,1974
561927,1966,19--
561929,1960,19--
561949,1932,19--
561950,1932,19--
561961,1928,19--
561965,1928,19--
561967,1928,19--
561968,1928,19--
561970,1938,19--
561971,1938,19--
561978,1932,19--
561980,1936,19--
561984,1937,19--
562042,1937,19--
562072,1973,19--
562146,1982,19--
562186,1950,19--
562190,1951,19--
562196,1945,19--
562212,1986,19--
562229,1976,19--
562264,1967,19--
562283,1985,19--
562285,1985,19--
562299,1981,19--
562303,1976,19--
562315,1976,19--
562320,1981,19--
565495,1938,izdošanas gads nav zināms
565601,1935,20--
567002,1970,19--
567014,1970,19--
581800,1995,19--
581834,2011,20--
588417,1929,19--
590669,1929,19--
590925,1929,19--
590928,1929,19--
590933,1929,19--
590939,1929,19--
595263,1948,19--
595267,1971,19--
595278,1956,19--
595281,1936,19--
595284,1938,19--
595285,1938,19--
595288,1939,19--
595298,1932,19--
595301,1986,19--
595304,1940,1942
595312,1935,19--
595313,1935,19--
595314,1935,19--
595323,1936,19--
595327,1935,19--
595329,1938,19--
595336,1936,izdošanas gads nav zināms
595357,1938,19--
595361,1986,19--
595362,1986,19--
595369,1968,19--
595372,1972,19--
595374,1972,19--
595376,1973,19--
595377,1973,19--
595394,1938,19--
595395,1938,19--
595399,1935,19--
595401,1935,19--
600015,1922,192-
602362,1922,19--
602363,1922,19--
602365,1986,19--
602366,1986,19--
602367,1986,19--
602376,1977,19--
602380,1935,19--
602382,1938,19--
602383,1938,19--
602384,1938,1935
602390,1959,19--
602394,1935,1923-1925
602405,1938,19--
602406,1938,19--
602410,1935,19--
602411,1935,19--
602412,1935,19--
602416,1935,19--
602418,1933,19--
602429,1966,19--
602438,1948,19--
602441,1948,19--
602444,1981,19--
602446,1959,19--
602450,1972,19--
602451,1972,19--
602453,1980,19--
602456,1936,1938
602457,1936,19--
602459,1958,19--
602460,1958,19--
606625,1986,20--
607504,1986,20--
607514,1986,20--
621296,2011,19--
626762,2012,izdošanas gads nav zināms
628232,2012,2012-2014
637258,1998,19--
638808,1958,19--
638840,1966,19--
638842,1976,19--
638860,1956,19--
638866,1966,19--
638868,1966,19--
638876,1953,19--
638889,1976,19--
638891,1987,19--
638893,1976,19--
638894,1976,19--
638898,1934,19--
638899,1934,19--
638900,1934,19--
638912,1934,19--
638922,1933,19--
638923,1933,19--
638924,1933,19--
638949,1967,19--
638963,1967,19--
638975,1935,19--
638977,1937,19--
639029,1936,19--
639032,1906,19--
639034,1937,19--
639035,1937,19--
639043,1973,19--
639045,1965,19--
639061,1950,19--
639065,1938,19--
639073,1951,19--
639080,1953,19--
639082,1953,1980
639131,1976,19--
639862,1943,19--
639906,1943,19--
639907,1943,19--
639911,1943,19--
640251,1943,200-
649480,2011,20--
649823,2011,19--
653813,2011,201-
653885,1971,19--
653904,1989,19--
653911,1951,19--
653914,1949,19--
653923,1938,19--
654010,1981,19--
654019,1981,19--
654107,1976,1973
654155,1965,19--
660010,2012,199-
661111,1951,19--
661304,1951,199-
661311,1951,19--
661568,2013,19--
661572,2013,19--
661761,1983,19--
661766,1983,19--
662271,1983,199-
663308,1983,19--
663309,1983,19--
663311,1983,izdošanas gads nav zināms
663312,1983,19--
663317,1937,19--
663329,1964,19--
663346,1940,izdošanas gads nav zināms
663347,1940,19--
663349,1940,19--
663353,1939,19--
663378,1905,19--
663387,1926,19--
663389,1926,1972
663394,1912,19--
663399,1938,19--
669679,2012,2012-2014
675158,1905,19--
675159,1905,19--
675160,1905,19--
675161,1905,19--
675190,1927,19--
675201,1939,19--
675214,1910,19--
675215,1910,19--
675218,1908,19--
675221,1908,19--
675222,1908,19--
675225,1908,19--
675231,1958,19--
675232,1958,19--
675236,1959,19--
675239,1989,19--
675242,1989,19--
675272,1940,19--
675290,1989,19--
678357,2012,19--
678378,2012,194-
682100,1962,19--
682132,1939,19--
685477,2011,2012
690229,1970,19--
690251,1984,19--
690268,1966,19--
690288,1966,19--
690322,1970,19--
690381,1987,19--
690389,1979,19--
690430,1977,1987
690433,1977,1978
690502,1961,19--
698070,2013,20--
698418,2013,20--
698970,1934,19--
698972,1934,19--
698976,1949,19--
698979,1940,19--
698980,1940,19--
698994,1978,19--
699001,1961,19--
699002,1961,19--
699020,1921,19--
699022,1924,19--
699023,1924,19--
699024,1924,19--
699025,1924,19--
699026,1924,19--
699027,1924,19--
699028,1924,19--
699029,1924,19--
699036,1950,19--
699040,1902,19--
699041,1902,19--
699042,1902,19--
699044,1947,1960-1964
699050,1949,19--
699065,1938,19--
699066,1938,19--
699087,1923,19--
699096,1979,19--
699098,1971,19--
704770,1990,19--
705644,2014,19--
706530,1973,19--
706729,1973,19--
706730,1973,19--
706750,1979,19--
706754,1949,19--
706755,1949,19--
706757,1949,19--
706758,1949,19--
706766,1971,19--
706772,1971,19--
706780,1925,19--
706782,1925,19--
706787,1954,19--
706789,1954,19--
706790,1954,19--
706793,1954,19--
706795,1954,19--
706796,1954,19--
706798,1954,19--
706801,1924,19--
706804,1978,19--
706805,1978,19--
706808,1925,19--
706817,1971,19--
706820,1965,19--
706833,1924,19--
706845,1936,19--
706863,1966,19--
706864,1966,19--
706867,1966,19--
706885,1949,19--
706992,1949,19--
711057,2008,20--
714442,2014,19--
714457,1979,19--
714461,1965,19--
714477,1958,19--
714486,1937,19--
714489,1917,19--
714490,1917,19--
714492,1917,19--
714494,1961,19--
714506,1949,19--
714512,1980,19--
714513,1980,19--
714514,1980,19--
714517,1980,19--
714529,1978,19--
714530,1978,19--
714549,1949,1---
714550,1949,19--
714551,1949,19--
714552,1949,1---
714553,1949,1---
714554,1949,19--
714574,1974,19--
714621,1981,19--
714639,1980,19--
714653,1973,19--
714662,1986,1982
714667,1975,19--
714686,1983,19--
723334,1937,19--
723336,1988,19--
723337,1988,19--
723339,1988,19--
723346,1929,19--
723370,1971,19--
723382,1971,1934
723400,1941,19--
723402,1970,19--
723431,1939,19--
723432,1939,19--
723445,1974,19--
723446,1974,19--
723448,1926,19--
723449,1926,19--
723451,1926,19--
723452,1926,19--
723458,1971,19--
723464,1972,19--
723485,1959,19--
723621,1984,19--
726926,1933,"1930, 1931"
731039,2014,19--
735319,2014,20--
737543,2014,19--
748067,2010,2010/2011
750446,2014,20--
750489,2013,201-
750494,2013,20--
754979,2014,1976
757114,1957,199-
757513,1957,1958
761098,1916,193-
762245,1929,19--
762257,1929,19--
762541,2002,2003
762672,1941,19--
763195,1958,19--
763197,1980,19--
763207,1977,19--
763261,1970,19--
763274,1957,19--
763300,1975,19--
763316,1957,19--
763338,1969,19--
763362,1976,19--
763367,1981,1982
763376,1967,19--
763381,1983,1981
763391,1966,19--
763402,1977,19--
763403,1977,19--
763406,1927,19--
763409,1978,19--
763414,1921,19--
763449,1978,19--
763451,1978,19--
763452,1978,19--
763487,1985,19--
763497,1980,19--
763507,1996,1983
763533,1986,19--
763536,1995,19--
763754,1932,19--
764567,2004,2007
764888,2003,2006
765451,2005,2003
769008,2015,19--
769014,2015,19--
769742,2012,2013
769823,2013,201-
769832,2013,201-
769837,2013,201-
769849,2013,201-
769850,2013,201-
770618,2013,19--
771853,2011,20--
771969,1930,19--
771977,1922,19--
771978,1922,19--
771980,1934,19--
771981,1934,19--
771991,1982,19--
772028,1984,19--
772033,1921,19--
772034,1921,19--
772047,1921,19--
772052,1930,19--
772054,1930,19--
772058,1991,1979
772063,1942,19--
772068,1982,19--
772078,1968,19--
772079,1968,19--
772091,1889,19--
772097,1951,19--
772100,1949,19--
772110,1974,19--
772125,1943,19--
772129,1943,19--
772130,1943,19--
772131,1943,19--
772216,1969,19--
772228,1970,19--
772247,1976,19--
772248,1976,19--
772249,1976,19--
773327,1943,19--
773333,1957,19--
773337,1957,192-
773339,1924,19--
773340,1924,192-
773342,1933,19--
774083,1980,192-
774091,1980,19--
774092,1980,19--
775292,2008,2015
775298,2011,2013
775310,2012,2014
775520,1931,19--
775649,2015,nan
776006,2003,2013
776021,2006,201-
776069,2006,19--
776718,2015,1988
777131,2015,19--
777182,2008,19--
778157,2007,2010
780614,1936,"1967, 1968"
780629,1936,1969/1970
782673,2015,19--
782682,2015,19--
782867,2015,19--
783107,2010,19--
783142,2010,19--
783655,2011,19--
783736,1943,19--
783939,1943,19--
784057,1974,19--
784063,1967,19--
784072,1955,19--
784088,1975,19--
784109,1943,1935-1938
784111,1933,19--
784122,1979,19--
784204,1981,19--
784220,1965,19--
784587,2005,19--
784619,1941,19--
784758,1988,19--
784776,2005,19--
784785,2003,19--
787202,2015,19--
787358,1979,19--
787719,1972,19--
787969,1968,19--
788562,1968,1998
789657,1980,19--
790205,1981,19--
790301,1964,19--
790335,1972,1976
791337,1982,19--
792142,1974,197-
792794,1960,1973
794074,1971,19--
795240,1997,19--
795244,1997,19--
795602,1930,19--
795793,1940,1940-1941
795992,1929,19--
795993,1929,19--
795995,1929,19--
796030,1938,19--
796033,1968,19--
796034,1968,19--
796035,1968,19--
796036,1968,19--
796053,1915,19--
796058,1972,19--
796061,1903,19--
796097,1925,19--
796100,1965,19--
796151,1941,19--
796153,1941,19--
796177,1974,19--
796178,1974,19--
796263,1997,19--
796264,1997,19--
796265,1997,193-
796571,2003,19--
796613,1940,1930
796777,2003,"2013, 2003"
798238,1930,19--
798319,1941,19--
799291,1982,19--
799354,1982,19--
799731,1983,1984
800953,1920,1892
801205,1974,192-
801207,1974,19--
801568,2015,192-
801570,2015,192-
801575,2015,192-
801577,2015,192-
801611,2015,192-
801635,2015,192-
801650,2015,"1892, 1897"
801654,2015,19--
801698,2015,19--
802569,1912,19--
802849,1964,19--
802886,1961,1901
803096,1961,19--
803101,1961,19--
803103,1961,19--
803107,1961,19--
803424,1975,19--
803864,1936,19--
803867,1936,1932
803871,1937,19--
803872,1937,19--
803881,1887,19--
803884,1973,19--
803907,1893,189-
803912,1898,1---
803914,1896,1---
803929,1981,19--
803993,1940,19--
803998,1940,19--
804012,1940,19--
804562,1941,192-
807378,1932,19--
807383,1932,19--
807394,1939,19--
807396,1939,19--
807432,1985,19--
807447,1963,19--
807450,1936,19--
807451,1936,19--
807452,1936,19--
807456,1921,19--
807457,1921,19--
807460,1937,19--
807470,1937,19--
807474,1937,19--
807476,1937,19--
807481,1937,19--
807491,1972,19--
807499,1922,19--
807511,1937,19--
807516,1934,19--
807517,1934,19--
807548,1936,19--
807550,1936,19--
807551,1936,19--
807559,1934,19--
807561,1934,19--
807578,1938,19--
807580,1938,19--
807583,1925,19--
807592,1975,19--
807610,1990,19--
807612,1988,19--
807616,1940,19--
807626,1987,19--
807628,1987,19--
807629,1987,19--
807631,1987,19--
807632,1987,19--
807633,1987,19--
807634,1987,19--
807636,1987,19--
807637,1987,19--
807639,1987,1983
807645,1934,19--
807649,1934,19--
807650,1934,19--
807651,1934,19--
807653,1934,19--
807655,1934,19--
807656,1934,19--
807657,1934,19--
807658,1934,19--
807659,1934,19--
807661,1934,19--
807662,1934,19--
807663,1934,19--
807664,1934,19--
807667,1934,19--
807668,1934,19--
807671,1934,19--
808860,1984,2009
808888,1984,19--
809282,2001,"2005, 2001"
809371,2004,200-
809488,1974,1975
811519,2002,19--
811979,1973,19--
812011,1935,19--
812691,2006,193-
812819,1967,193-
814785,2016,19--
814996,1977,19--
814997,1977,19--
815028,1934,19--
815030,1934,19--
815088,1986,19--
815103,1973,19--
815104,1973,19--
815145,1938,19--
815179,1977,19--
816204,2012,2010
818158,1906,19--
821079,2015,2016
821610,2009,2012
821676,2008,"2016, 2008"
822037,2009,"2016, 2009"
822601,2007,19--
823370,1924,19--
823372,1924,19--
823619,2016,2014
823661,2009,2011
823865,1934,193-
825224,1935,19--
825233,1970,1940-1941
825234,1970,19--
825269,1949,19--
825275,1968,19--
825305,1938,1939
825306,1938,19--
827471,1938,19--
827554,1937,19--
827559,1937,19--
827561,1924,19--
827562,1924,19--
827581,1924,19--
827586,1973,19--
828796,2016,19--
828853,2016,19--
831698,2007,2004
832072,2014,19--
832387,1933,19--
832390,1969,19--
832391,1969,19--
832394,1903,19--
832397,1903,19--
832404,1962,19--
832429,1973,19--
832433,1973,19--
832435,1955,19--
832437,1974,192-
832444,1973,19--
832460,1911,197-
832958,2016,19--
833618,2015,20--
833630,2015,20--
833632,2015,20--
833637,2015,20--
833666,2015,20--
833672,2015,20--
833677,2016,20--
833684,2016,20--
834857,2016,19--
834908,2014,19--
836064,1936,19--
836066,1936,19--
836067,1936,19--
836073,1973,19--
836074,1973,19--
836076,1973,19--
836077,1973,19--
836078,1973,19--
836087,1905,19--
836089,1905,19--
836093,1905,19--
836096,1955,19--
836109,1951,19--
836113,1968,19--
836119,1968,19--
836121,1968,19--
836135,1988,19--
836136,1988,19--
836141,1970,19--
836148,1970,19--
836167,1987,199-
836195,1983,19--
836224,1983,19--
836233,1983,19--
836250,1985,19--
837459,2014,20--
837531,2012,20--
837603,2010,20--
837653,2014,20--
840754,2016,19--
840756,2016,192-
840896,2016,19--
840897,2016,19--
840899,2016,19--
840932,1935,19--
840935,1940,19--
840936,1940,19--
840944,1940,19--
840945,1940,19--
840946,1940,19--
840952,1940,19--
840959,1939,19--
840960,1939,19--
840986,1988,19--
840987,1988,19--
840990,1939,19--
840995,1940,19--
840998,1932,19--
841000,1932,19--
841001,1932,19--
841003,1932,19--
841004,1932,19--
841010,1988,19--
841011,1988,19--
841015,1940,19--
841486,2014,2007
841498,2009,2008
843608,1812,20--
848619,1908,19--
848622,1995,19--
848897,1937,19--
848900,1971,19--
848912,1969,19--
848923,1981,19--
848930,1985,19--
848980,1981,19--
848982,1981,19--
848984,1981,19--
848985,1981,19--
848993,1923,19--
848994,1923,19--
848995,1923,19--
848996,1923,19--
848998,1923,1---
848999,1923,19--
849002,1925,19--
849003,1925,19--
849010,1903,19--
849013,1903,19--
849016,1890,1899
849022,1903,19--
849024,1903,19--
849027,1893,1924
849028,1893,19--
849033,1893,19--
849035,1893,19--
849037,1934,19--
849038,1934,19--
849040,1934,19--
849042,1934,19--
849044,1903,19--
849046,1903,19--
849047,1903,19--
849052,1935,18--
849053,1935,19--
849054,1935,19--
849057,1903,19--
849060,1982,19--
849063,1982,19--
849076,1982,19--
849123,2017,19--
849133,2017,19--
849208,2017,19--
849225,2017,19--
850503,1975,19--
850524,1964,1945-1948
850535,1972,1958
850547,1958,1961
850557,1949,19--
850567,1968,19--
850569,1970,1953
850644,1972,19--
850649,1968,19--
850651,1968,19--
850697,2017,"2016, 2017"
852212,1978,19--
852214,1978,19--
852216,1978,19--
852217,1978,19--
852221,1978,19--
852223,1978,19--
852292,1978,193-
852294,1978,19--
852513,1925,19--
852514,1925,19--
852517,1937,19--
852523,1937,19--
852524,1937,19--
852551,1937,19--
853517,2017,201-
854257,2017,19--
854266,2017,19--
854330,2017,19--
854348,2017,19--
854351,2017,19--
854392,1988,19--
855340,1974,19--
855341,1974,19--
855342,1974,19--
855343,1974,19--
855344,1974,izdošanas gads nav zināms
856102,1974,193-
856104,1974,193-
857324,1930,19--
857336,1930,19--
857337,1930,19--
857340,1930,19--
857357,1929,19--
857359,1939,19--
857363,1939,19--
857386,1988,19--
857398,1898,19--
857409,1971,19--
857519,1982,19--
857520,1982,19--
857523,1990,19--
857524,1990,19--
857525,1990,19--
857526,1990,19--
857527,1990,19--
857656,2013,19--
858515,2013,19--
858908,1967,19--
859838,1968,19--
860074,1972,1971
860479,1962,19--
860525,1962,19--
860529,1962,19--
860718,1971,19--
860932,1960,19--
860938,1962,19--
860956,1943,19--
860959,1951,19--
861047,1957,19--
861209,1923,19--
861430,1943,19--
861434,1943,19--
861520,1943,19--
861772,1943,19--
862164,1904,19--
862180,1934,19--
862191,1944,19--
862192,1944,19--
862216,1990,19--
862222,1989,19--
862230,1929,19--
862231,1929,19--
862233,1929,19--
862237,1927,19--
862258,1920,19--
862259,1920,19--
862739,1935,19--
863386,2017,19--
863865,2017,19--
863866,2017,19--
864546,1942,19--
864563,1942,19--
866368,1991,19--
867700,2017,19--
868228,2017,201-
868254,2017,2014
868986,1997,19--
870042,1912,1904
870248,1976,1978
871390,2008,2012
873174,2017,19--
874306,2008,19--
874309,2008,19--
874875,2015,2017
876331,1987,193-
879343,1988,19--
879401,1988,19--
879764,1957,19--
882587,1989,19--
884224,1974,192-
887342,2017,19--
887366,2017,19--
887368,2017,19--
887484,1984,19--
887532,1984,19--
887545,1981,19--
887563,1930,19--
887564,1930,19--
887583,1979,19--
887597,1981,19--
887599,1981,19--
887603,1981,19--
887616,1984,19--
887700,1998,19--
887702,1984,19--
887734,1981,19--
887759,1988,19--
887773,1983,19--
887781,1965,19--
887792,1970,19--
887828,1986,19--
887829,1986,19--
887848,1981,19--
887852,1976,19--
887900,1971,19--
887935,1970,19--
887941,1938,19--
887942,1938,19--
887943,1938,19--
887944,1938,193-
887946,1938,19--
887947,1938,19--
887948,1938,19--
887949,1938,19--
887950,1938,19--
887952,1938,19--
887953,1938,19--
887955,1938,19--
887956,1938,19--
887960,1939,19--
887961,1939,19--
887962,1939,19--
887963,1939,19--
887966,1936,19--
887967,1936,19--
887969,1936,19--
887970,1936,19--
887971,1936,19--
887973,1936,19--
887976,1966,19--
887977,1966,19--
887978,1966,19--
887979,1966,19--
887980,1966,19--
887982,1966,19--
887986,1968,19--
887988,1938,19--
887991,1941,19--
887993,1980,19--
887996,1980,19--
887997,1980,19--
887999,1980,19--
888001,1980,19--
888002,1980,19--
888007,1940,19--
888013,1971,19--
888014,1971,19--
888015,1971,19--
888016,1971,19--
888019,1971,19--
888020,1971,19--
888024,1938,19--
888028,1938,19--
888031,1969,19--
888040,1969,19--
888041,1969,19--
888043,1938,19--
888045,1938,19--
888050,1949,19--
888054,1967,19--
888055,1967,19--
888060,1940,19--
888061,1940,19--
888065,1940,19--
888069,1940,19--
888071,1940,193-
888072,1940,19--
888076,1949,193-
888077,1949,19--
888081,1949,1910
888083,1949,19--
890789,1994,19--
892408,1980,19--
893463,1867,192-
893468,1867,19--
893490,1940,"1940, 1939"
893492,1938,19--
893948,2018,19--
900044,2018,19--
901053,2018,19--
901055,2018,19--
901057,2018,19--
901871,1983,"1925, 1926"
902358,1925,19--
902359,1925,19--
902365,1903,1901-1903
902435,1968,19--
902440,1972,19--
902453,1966,19--
902455,1966,19--
902464,1966,19--
902465,1966,19--
902466,1966,19--
902469,1937,19--
902470,1937,19--
902471,1937,19--
902472,1937,192-
905565,1972,19--
905567,1972,19--
905569,1972,19--
905571,1933,19--
905578,1934,19--
905587,1968,19--
905588,1968,19--
905589,1968,19--
905590,1968,19--
905591,1968,19--
905601,1964,19--
905621,1964,19--
907543,1976,1954
908233,1982,19--
908887,1969,19--
909362,1967,192-
909398,1967,192-
909495,1978,192-
910224,1876,19--
910829,1933,19--
911881,1904,19--
911898,1948,19--
911956,1965,1981
911960,1967,19--
911987,1989,19--
912459,1899,192-
912471,1899,19--
912474,1899,19--
912475,1899,19--
912766,1913,192-
912772,1913,19--
913538,2018,192-
913784,1939,193-
913789,1939,19--
913792,1939,193-
913991,1943,192-
913994,1943,192-
913997,1943,192-
914008,1943,192-
914026,1943,192-
914030,1943,19--
914038,1943,192-
914051,1943,19--
914055,1943,192-
914059,1943,19--
915253,2007,19--
915257,2007,19--
915263,2007,192-
915267,2007,19--
915273,2007,192-
915277,2007,192-
915279,2007,19--
915284,2007,19--
915290,2007,19--
915294,2017,192-
915906,2006,193-
916168,2006,19--
916180,2006,192-
916452,1893,19--
916453,1893,19--
916454,1893,19--
916455,1893,19--
916595,1893,19--
916596,1893,19--
916946,2018,19--
916954,2018,19--
916959,2018,19--
916962,2018,19--
916965,2018,19--
917052,2018,19--
917062,2018,19--
917549,1981,19--
917596,1969,19--
917604,1983,19--
917607,1975,1977
917614,1982,19--
917621,1968,19--
917634,1984,19--
917664,1982,19--
917675,1950,19--
920051,1876,19--
920271,2013,19--
920877,1939,19--
920881,1939,19--
920882,1939,19--
920894,1943,19--
920902,1940,19--
920918,1982,19--
920999,1986,19--
921000,1986,19--
921008,1986,19--
921009,1986,19--
921010,1986,19--
921012,1937,19--
921013,1937,19--
921014,1937,19--
921015,1937,19--
921016,1937,19--
921017,1937,19--
921018,1937,19--
921019,1937,19--
921020,1937,19--
921028,1983,19--
921062,1902,19--
921068,1940,19--
921073,1914,19--
921110,1995,19--
921111,1995,19--
921113,1995,19--
921117,1995,19--
921118,1995,19--
921119,1995,19--
921120,1995,19--
921121,1995,19--
921126,1995,19--
921130,1995,19--
921134,1995,19--
921140,1995,19--
921141,1995,19--
921142,1995,19--
921144,1995,19--
921146,1995,19--
921150,1995,19--
921151,1995,19--
921153,1995,19--
922535,1934,19--
922913,1924,19--
923157,1924,19--
923221,1924,19--
923223,1924,192-
924582,1984,1985
925133,1984,19--
925165,1984,19--
925178,1984,19--
925799,1984,19--
926219,1984,19--
927123,1987,18--
928605,1894,18--
928612,1903,19--
928657,1933,190-
928660,1933,190-
928665,1933,190-
928674,1933,190-
928688,1933,190-
928693,1933,190-
928976,1902,19--
929016,1902,19--
929022,1902,19--
929041,1902,19--
929051,1902,19--
929055,1902,19--
929062,1902,19--
929077,1902,19--
929098,1902,19--
929181,1902,19--
929190,1902,19--
929192,1902,19--
929193,1902,19--
929287,1902,19--
929293,1902,19--
929303,1902,19--
929318,1902,19--
929325,1902,19--
929329,1902,19--
929531,1923,19--
930246,1876,19--
930387,1876,19--
930412,1876,19--
930532,1943,192-
930557,1943,19--
931902,1943,19--
931903,1943,19--
931910,1873,19--
931911,1873,19--
931912,1873,19--
931914,1873,19--
931915,1873,19--
931916,1873,19--
931918,1873,19--
931919,1873,19--
931920,1873,19--
931922,1892,19--
931926,1892,18--
931947,1988,19--
931978,1939,19--
931995,1988,193-
932005,1988,192-
932006,1988,193-
932007,1988,19--
932011,1942,19--
932015,1921,19--
932018,1921,19--
932019,1921,19--
932022,1921,19--
932023,1921,19--
932031,1960,19--
932032,1960,19--
932033,1960,19--
932034,1960,19--
932035,1960,19--
932036,1960,19--
932037,1960,19--
932038,1960,19--
932039,1960,19--
932044,1957,19--
932053,1943,19--
932054,1943,19--
932055,1943,19--
932058,1985,19--
932084,1961,19--
932085,1961,19--
932092,1938,193-
932094,1912,19--
932095,1912,19--
932096,1912,19--
932097,1912,19--
932098,1912,19--
932099,1912,19--
932100,1912,19--
932101,1912,19--
932102,1912,19--
932103,1912,19--
932104,1912,19--
932106,1938,19--
932107,1938,19--
932109,1938,19--
932110,1938,19--
932111,1938,19--
932112,1938,19--
932113,1938,19--
932115,1938,1942-1943
932116,1938,1934-1935
932119,1938,19--
932120,1938,19--
932121,1938,19--
932124,1943,19--
932125,1943,19--
932126,1943,19--
932127,1943,19--
932129,1943,19--
932131,1943,19--
932132,1943,19--
932134,1942,19--
932136,1938,19--
932138,1943,19--
932140,1943,19--
932148,1931,19--
932150,1931,19--
932152,1931,18--
932156,1860,19--
932779,1810,193-
932783,1810,19--
934922,1909,192-
937098,1896,19--
937451,1924,1925
937456,1942,19--
937511,1943,19--
937769,1943,190-
937823,1943,19--
938102,1899,19--
941115,1949,19--
941116,1949,193-
941118,1949,1940
941127,1940,19--
941131,1940,19--
941134,1943,19--
941136,1943,19--
941137,1943,19--
941161,1970,19--
941192,1990,19--
941218,1938,1935
941219,1938,193-
941220,1938,19--
941222,1940,19--
941223,1940,19--
941224,1940,19--
941226,1897,19--
941247,1958,19--
941248,1958,19--
941249,1958,19--
941305,1980,19--
941322,1985,19--
941344,1942,19--
941367,1976,19--
941369,1924,19--
941370,1924,19--
943547,1942,1926/1927
943731,1894,18--
944554,1933,193-
944664,1928,193-
944669,1928,192-
944679,1932,193-
944681,1932,193-
947067,1921,19--
947631,2019,19--
947636,2019,19--
947640,2019,19--
949768,1932,"1931, 193-"
949770,1932,19--
951149,2018,2008
951253,2013,2008
953739,1980,19--
954655,1829,19--
954664,1829,19--
954706,1938,19--
954720,1936,19--
954723,1936,19--
954730,1950,19--
956986,1974,1976
960565,2006,19--
960568,2006,19--
960615,1936,19--
960616,1936,19--
960617,1936,19--
960618,1936,19--
960689,1935,19--
960705,1927,1925
960707,1927,192-
960720,1936,1925/26
960722,1936,1925/26
960728,1927,193-
960731,1927,193-
960749,1932,1933
960753,1935,19--
960758,1936,192-
960814,1932,19--
960835,1937,19--
960842,1938,19--
960852,1927,19--
960854,1927,19--
960857,1927,19--
960858,1927,19--
960860,1927,19--
960862,1927,1926/1927
960863,1927,19--
960865,1927,19--
960882,1927,193-
960901,1932,19--
960904,1932,19--
960906,1932,19--
960909,1932,192-
960915,1933,"1925, 1926"
960921,1929,1925/26
960928,1929,19--
960932,1923,19--
960936,1927,19--
960937,1927,1925/1926
960956,1932,"1932, 1938"
960958,1932,19--
960959,1932,19--
960968,1930,192-
961013,1938,19--
961018,1938,19--
961024,1938,1926/1927
961042,1924,19--
961106,1925,19--
961110,1925,19--
961111,1925,19--
961113,1925,19--
961171,1934,19--
961422,1973,19--
961424,1921,19--
961430,1988,19--
961439,1988,19--
961442,1988,19--
961444,1968,19--
961447,1904,19--
961449,1904,19--
961450,1904,19--
961451,1904,19--
961453,1904,"1892, 1897"
961454,1904,19--
961459,1974,1973
961460,1974,19--
961482,1981,19--
961483,1981,19--
961485,1926,19--
961807,1929,19--
963440,1927,19--
963445,1927,19--
963854,1925,192-
963870,1925,193-
963880,1925,19--
963978,1925,19--
964421,1927,19--
964422,1927,"1924, 1925"
964423,1927,19--
964424,1927,19--
966438,1932,izdošanas gads nav zināms
967307,1927,19--
967309,1925,19--
967310,1925,19--
968037,1932,1925/26
968372,1861,19--
968379,1972,19--
968387,1984,19--
968388,1984,19--
968390,1984,19--
968391,1984,19--
968392,1984,19--
968397,1984,19--
968398,1984,19--
968412,1921,19--
968413,1921,19--
968415,1921,19--
968416,1921,19--
968417,1921,19--
968419,1921,19--
968421,1921,19--
968422,1921,19--
968424,1894,19--
968426,1894,19--
968429,1894,19--
968430,1894,19--
968432,1894,1984
968446,1982,19--
968459,1988,1936
973563,1923,2020
975284,2018,19--
975287,2018,19--
975298,2018,19--
975309,2018,19--
975318,2018,19--
975468,1932,19--
975470,1925,1925/26
975565,1924,19--
975567,1974,19--
975568,1974,19--
975574,1988,19--
975582,1962,1958
975611,1988,19--
975618,1986,19--
975786,1988,19--
976772,1988,19--
976778,1988,19--
976787,1988,19--
976788,1988,19--
976792,1988,19--
976793,1988,19--
977126,2019,19--
977249,1932,19--
977265,1932,19--
977325,1932,19--
977350,1932,1929/30
977354,1932,19--
977357,1929,1929 vai 1930?
977444,1929,19--
977450,1929,192-
977454,1929,19--
977457,1929,19--
977466,1929,1924/25
977479,1932,19--
977492,1932,19--
977724,1932,19--
977736,1933,19--
977746,1927,19--
977752,1927,19--
977966,1932,19--
977982,1932,19--
977988,1932,19--
978002,1932,19--
978007,1932,19--
978011,1932,19--
978012,1932,19--
978021,1932,19--
978025,1932,19--
978026,1932,19--
978037,1932,193-
978040,1932,19--
978048,1932,19--
978056,1932,19--
978059,1932,193-
978066,1932,193-
978075,1932,19--
978085,1929,19--
978291,1933,19--
978296,1933,1925/26
978310,1925,1929/30
978313,1925,19--
978328,1925,1925/26
978334,1925,19--
978355,1927,19--
978364,1927,1925/1926
978376,1924,1925/1926
978392,1924,19--
978396,1924,19--
978402,1928,19--
978637,1928,19--
979123,2020,19--
979805,1912,19--
979824,1966,19--
979849,1973,19--
979850,1973,19--
979859,1973,19--
979861,1969,19--
979870,1988,19--
979880,1941,19--
979889,1968,19--
979891,1988,19--
979898,1913,19--
979899,1913,19--
979905,1922,19--
979906,1922,19--
979907,1922,19--
979908,1922,19--
979911,1921,19--
980834,1911,193-
980865,1925,19--
980869,1925,19--
980872,1925,19--
981019,1925,19--
981044,1928,19--
981053,1928,19--
981121,1928,19--
981129,1928,19--
981146,1925,19--
981153,1925,19--
981183,1925,19--
981197,1925,19--
981204,1925,19--
981265,1925,19--
981267,1925,19--
981323,1933,19--
981334,1935,19--
981335,1935,19--
981337,1935,19--
981341,1935,19--
981383,1935,1926/1927
981396,1935,19--
981604,1927,19--
981609,1927,19--
981612,1927,19--
981617,1927,19--
981626,1933,19--
981806,1924,1929/30
981809,1924,1924/25
981816,1939,19--
981833,1925,1925/26
981850,1928,192-
981853,1928,19--
981862,1928,19--
981874,1925,19--
981882,1925,19--
981900,1927,1924/1925
981908,1927,19--
981915,1927,19--
981921,1927,19--
981936,1938,191-
981941,1938,19--
981942,1938,19--
981952,1942,19--
981963,1939,19--
981965,1939,19--
981973,1932,19--
981974,1932,19--
981976,1932,1925/26
981979,1932,19--
981995,1931,1925/26
981996,1931,19--
981998,1931,19--
981999,1931,19--
982618,1939,19--
982905,1932,19--
983257,1921,19--
983260,1939,19--
983264,1988,19--
983280,1914,19--
983289,1988,19--
983298,1984,19--
983304,1979,19--
983311,1969,19--
983313,1939,19--
983322,1985,19--
983324,1985,19--
983326,1985,19--
983328,1972,19--
983343,1966,19--
983345,1968,19--
983346,1968,19--
983350,1984,19--
983358,1956,19--
983359,1956,19--
983364,1943,19--
983369,1942,19--
983370,1942,19--
983371,1942,19--
983374,1964,19--
983385,1962,19--
983391,1951,19--
983392,1951,19--
983394,1951,19--
983405,1983,19--
983416,1949,1990
983426,1988,19--
983439,1985,19--
983453,1984,19--
983457,1979,19--
983458,1979,19--
983460,1978,19--
983477,1956,19--
983479,1960,19--
983481,1958,19--
983495,1975,1962
985144,1928,19--
985213,1924,19--
985293,1931,192-
985302,1931,192-
986159,1972,192-
987286,1987,19--
987314,1971,19--
987317,1971,19--
987318,1971,19--
987319,1971,19--
987325,1971,19--
987326,1971,19--
987328,1913,19--
987331,1912,19--
987332,1912,19--
987343,1981,19--
987344,1981,19--
987345,1981,19--
987362,1977,19--
987377,1954,19--
987399,1926,19--
988224,1949,19--
988239,1934,192-
988669,1934,19--
988671,1934,19--
989504,1943,19--
989505,1943,19--
989507,1888,19--
989508,1888,19--
991596,1978,19--
991609,1943,19--
991617,1953,19--
991619,1953,19--
991620,1953,19--
991630,1972,19--
991639,1981,19--
991640,1981,19--
991641,1981,19--
991642,1981,19--
991643,1981,19--
991680,1972,19--
991696,1943,19--
991698,1957,19--
991700,1957,19--
991725,1970,19--
991900,1934,18--
996530,1965,19--
996554,1964,19--
996642,1947,193-
996677,1965,193-
997912,2009,19--
1000220,1839,19--
1000302,1898,188-
1000303,1898,19--
1000305,1898,19--
1000308,1840,19--
1000310,1840,19--
1000599,1995,19--
1002680,1913,191-
1006509,1887,193-
1006510,1887,193-
1008210,1931,19--
1008317,1968,19--
1008320,1939,19--
1008323,1939,1935
1008326,1886,19--
1008328,1886,19--
1008336,1886,19--
1008347,1971,19--
1008350,1961,19--
1008356,1932,19--
1008359,1932,19--
1008626,1973,19--
1008627,1973,19--
1008631,1968,19--
1008907,1949,19--
1008910,1949,19--
1008994,1991,19--
1009039,1873,19--
1009146,1873,19--
1009148,1873,19--
1009312,1936,19--
1009318,1982,19--
1009430,1982,1981
1009462,1978,19--
1009669,1982,19--
1009678,1948,19--
1010379,1926,19--
1010385,2020,19--
1010391,1910,19--
1010400,1932,19--
1013153,1979,19--
1013447,1979,190-
1013450,1982,19--
1013453,1966,19--
1013454,1966,19--
1013457,1952,19--
1013767,1931,193-
1013768,1931,193-
1013771,1931,193-
1013772,1931,193-
1021113,2012,2011
1025934,1906,19--
1025942,1939,19--
1025944,1939,19--
1026022,1925,19--
1026113,1913,190-
1026202,1939,19--
1026206,1983,19--
1026384,1993,19--
1026453,1890,19--
1026458,1979,19--
1026460,1974,19--
1026474,1943,19--
1026475,1943,19--
1026652,1966,19--
1026666,1959,19--
1026783,1935,19--
1026806,1940,19--
1026810,1940,19--
1026816,1940,19--
1026844,1832,1932
1026861,1966,1965
1026864,1966,19--
1026867,1966,19--
1026868,1966,19--
1026878,1929,1912
1026881,1948,19--
1032126,1973,19--
1032199,1936,1896-1901
1032305,1927,19--
1032320,1887,19--
1032321,1887,192-
1032323,1887,19--
1032325,1887,192-
1032332,1982,19--
1032333,1982,1959
1032374,1910,19--
1032381,1970,19--
1032385,1879,19--
1032386,1879,19--
1032401,1879,19--
1032556,1879,19--
1032559,1879,19--
1032757,1975,19--
1032806,1975,19--
1032964,1912,19--
1033077,1988,19--
1033079,1988,19--
1033097,1988,19--
1033109,1988,19--
1033115,1949,192-
1033139,1949,19--
1033157,1986,19--
1033183,1935,192-
1033188,1939,193-
1033291,1922,19--
1033295,1967,19--
1033301,1967,19--
1033329,1939,19--
1033333,1939,19--
1033339,1970,19--
1033340,1970,19--
1033341,1970,19--
1033348,1970,193-
1033359,1977,19--
1033363,1932,19--
1033368,1932,19--
1036730,2019,19--
1036758,1930,189-
1038633,1930,19--
1042032,1868,1968
1042059,1958,19--
1042071,1975,1912
1042588,1928,19--
1042599,1932,19--
1042610,1939,19--
1042613,1940,19--
1042817,1984,19--
1042845,1970,19--
1042847,1970,19--
1042853,1985,19--
1042873,1980,19--
1042882,1941,19--
1042884,1941,19--
1042948,1971,19--
1042951,1971,1922
1042958,1935,19--
1042974,1998,19--
1042977,1938,19--
1042991,1911,19--
1043156,1967,19--
1043166,1965,19--
1043169,1940,19--
1043172,1972,19--
1043195,1959,19--
1043196,1959,19--
1043198,1962,19--
1043199,1962,19--
1043201,1962,19--
1043209,1968,19--
1043318,1930,19--
1043320,1930,19--
1049306,2021,19--
1049349,2021,19--
1049350,2021,19--
1049662,2021,19--
1050332,2021,19--
1050356,2021,19--
1053610,2005,19--
1054235,2021,19--
1054773,2021,192-
1056977,1984,19--
1056989,1979,19--
1057085,1950,19--
1057086,1950,19--
1057089,1902,1910
1057127,1981,19--
1057134,1913,19--
1057139,1886,19--
1057145,1988,19--
1057607,1985,19--
1057609,1985,19--
1058351,1850,19--
1058423,2021,19--
1058440,2021,19--
1058443,2021,19--
1058566,2021,193-
1058800,2013,19--
1058801,2013,19--
1059026,2013,19--
1059633,1949,19--
1063695,2021,19--
1063712,1967,19--
1063961,1967,19--
1063971,1967,19--
1063974,1967,19--
1063985,1967,19--
1064043,1967,19--
1064054,1967,19--
1064072,1967,19--
1065725,1981,1---
1065917,1985,19--
1065919,1985,19--
1065920,1985,19--
1065923,1985,19--
1065925,1985,19--
1065927,1985,19--
1065930,1985,19--
1065932,1985,19--
1065935,1985,19--
1065937,1985,19--
1065940,1891,19--
1065942,1891,19--
1065973,1891,19--
1065974,1891,19--
1065975,1891,19--
1065983,1891,19--
1065984,1891,19--
1065985,1891,19--
1065990,1891,19--
1065991,1891,19--
1065992,1891,19--
1065993,1891,19--
1065994,1891,19--
1065997,1891,19--
1065999,1891,19--
1066002,1891,19--
1066006,1891,19--
1066008,1891,19--
1066010,1891,19--
1066051,1891,19--
1066052,1891,19--
1066054,1891,19--
1066055,1891,19--
1066057,1891,19--
1066079,1891,19--
1066087,1891,19--
1066088,1891,19--
1066097,1891,19--
1066103,1937,18--
1066105,1937,19--
1066274,1937,19--
1066302,1937,19--
1066308,1937,19--
1066368,1981,19--
1066369,1981,1---
1066373,1895,1---
1066376,1901,1---
1066392,1979,192-
1066393,1979,19--
1066394,1979,19--
1066396,1969,193-
1066510,1981,1---
1066512,1981,19--
1066514,1981,1---
1066568,1940,193-
1066569,1940,193-
1066571,1940,19--
1066572,1940,19--
1066657,1940,19--
1066674,1938,1---
1066675,1938,1---
1066676,1899,1---
1066677,1899,1---
1066692,1897,1---
1066693,1897,1---
1066715,1942,19--
1066724,1942,1---
1066725,1942,19--
1066726,1942,19--
1066727,1942,19--
1066728,1942,19--
1066729,1942,19--
1066730,1942,19--
1066739,1981,19--
1066741,1958,19--
1066747,1958,19--
1066749,1958,19--
1066750,1958,19--
1067053,2015,19--
1067235,2015,19--
1067239,2015,19--
1067241,2015,19--
1067245,2015,19--
1067249,2015,19--
1067275,2015,19--
1067277,2015,19--
1067279,2015,19--
1067281,2015,19--
1067286,2015,19--
1067288,2015,19--
1067291,2015,19--
1068389,1912,19--
1068391,1912,19--
1068394,1912,19--
1068407,1912,19--
1068409,1912,19--
1068411,1912,19--
1068414,1912,19--
1068415,1912,19--
1068429,1912,19--
1068430,1912,19--
1068444,1912,19--
1068527,2021,192-
1069204,2021,19--
1069206,2021,19--
1069215,1940,19--
1069220,1940,19--
1069223,1940,19--
1069247,1935,19--
1069250,1890,19--
1069342,1890,191-
1069354,1890,19--
1069364,1890,19--
1069827,2021,19--
1069829,2021,19--
1069831,2021,19--
1069833,2021,19--
1069834,2021,19--
1069836,2021,19--
1069837,2021,19--
1069839,2021,19--
1069841,2021,19--
1069844,2021,19--
1069847,2021,19--
1069848,2021,19--
1069850,2021,19--
1069858,1941,19--
1069860,1941,19--
1069880,1941,izdošanas gads nav zināms
1069884,1941,19--
1069892,1941,19--
1070278,2020,19--
1070295,1941,19--
1070346,1903,19--
1070584,1922,192-
1070585,1922,192-
1070657,1945,1946
1070675,1958,19--
1070703,1981,19--
1070742,1901,19--
1070744,1901,19--
1070750,1946,19--
1070751,1946,19--
1070754,1946,19--
1070755,1946,19--
1070757,1946,19--
1070760,1946,19--
1070762,1946,19--
1070763,1946,19--
1070764,1946,19--
1070765,1946,19--
1070853,1946,19--
1071246,1931,19--
1071253,1931,19--
1071257,1931,19--
1071269,1894,18--
1071272,1894,19--
1071277,1894,19--
1071281,1894,19--
1071282,1894,19--
1071284,1894,19--
1071292,1888,19--
1071295,1888,19--
1071331,1905,19--
1071333,1905,19--
1071334,1905,19--
1071346,1859,19--
1071367,1903,19--
1071370,1903,19--
1071371,1903,19--
1071376,1903,19--
1071379,1903,19--
1071381,1903,19--
1071382,1903,19--
1071424,1903,192-
1071430,1903,192-
1071432,1903,192-
1071433,1903,192-
1071443,1903,19--
1071444,1903,19--
1071445,1929,19--
1071503,1944,19--
1071504,1944,19--
1071508,1944,19--
1071511,1944,19--
1071513,1944,19--
1071517,1944,19--
1071518,1944,19--
1071523,1944,19--
1071526,1944,19--
1071536,1944,19--
1071538,1944,19--
1071574,1912,19--
1071576,1971,19--
1071587,1971,19--
1071592,1971,19--
1071595,1971,19--
1071596,1971,19--
1071599,1971,19--
1071600,1971,19--
1071623,1971,189-
1071651,1971,19--
1071653,1971,19--
1071655,1971,19--
1071656,1971,19--
1071657,1971,19--
1071779,1982,19--
1071782,1982,19--
1071819,1948,19--
1071858,1948,19--
1071863,1881,19--
1071864,1881,19--
1071868,1881,19--
1071869,1881,19--
1072077,1945,19--
1072078,1945,19--
1072079,1945,19--
1072080,1945,19--
1072830,1982,19--
1073222,2021,19--
1073228,1982,19--
1073229,1982,19--
1073239,1982,19--
1073244,1982,19--
1073245,1982,19--
1073247,1982,19--
1073248,1982,19--
1073250,1982,19--
1073252,1982,19--
1073589,1982,19--
1073590,1982,19--
1074115,1982,19--
1074118,1982,19--
1074126,1981,19--
1074128,1981,19--
1074136,1981,19--
1074142,1981,19--
1074147,1981,19--
1074148,1981,19--
1074149,1981,19--
1074154,1981,19--
1075816,1930,19--
1075819,1930,19--
1075821,1930,19--
1075824,1930,19--
1075826,1930,19--
1075836,1888,18--
1075855,1911,19--
1075856,1911,19--
1075857,1911,19--
1075859,1911,19--
1075860,1911,19--
1075861,1911,19--
1075862,1911,19--
1075863,1911,19--
1075864,1911,19--
1076038,1911,19--
1076047,1886,19--
1076051,1886,19--
1076056,1886,19--
1076063,1886,19--
1076069,1886,19--
1076072,1886,19--
1076082,1903,19--
1076086,1903,19--
1076090,1903,19--
1076098,1943,19--
1076101,1943,19--
1076102,1943,18--
1076106,1943,19--
1076110,1943,19--
1076141,1943,19--
1076142,1943,19--
1076143,1943,19--
1076144,1943,19--
1076745,1899,19--
1076749,1899,19--
1076750,1899,19--
1076754,1899,19--
1076757,1899,19--
1076758,1899,19--
1076760,1899,19--
1076893,1943,19--
1077038,1903,19--
1077148,1903,19--
1077152,1903,19--
1077154,1903,19--
1077163,1941,19--
1077320,1911,19--
1077349,1911,19--
1077453,1911,19--
1077474,1911,19--
1077479,1911,19--
1077586,1974,19--
1078005,1930,19--
1078121,1988,19--
1078124,1988,19--
1078146,1988,19--
1078150,1897,19--
1078153,1897,19--
1078318,1897,19--
1078322,1897,19--
1078323,1897,19--
1078324,1897,19--
1078325,1897,19--
1078326,1897,19--
1078327,1897,19--
1078446,1983,19--
1078453,1983,19--
1078455,1983,19--
1078456,1983,19--
1078457,1983,19--
1078473,1983,19--
1078478,1983,19--
1078488,1982,19--
1078616,2022,19--
1078617,2022,19--
1078624,2022,19--
1078652,2022,19--
1078658,2022,19--
1078659,2022,19--
1078663,2022,19--
1078667,2022,19--
1078669,2022,19--
1078670,2022,19--
1078672,2022,19--
1078674,2022,19--
1078676,2022,19--
1078681,2022,19--
1078682,2022,19--
1078683,2022,19--
1078686,2022,19--
1078701,2022,19--
1078705,2022,19--
1078708,2022,19--
1078711,2022,19--
1078747,2022,19--
1078750,2022,19--
1078753,2022,19--
1078756,2022,19--
1078782,1937,19--
1078787,1937,19--
1078821,1937,19--
1078831,1937,19--
1079281,1982,19--
1079283,1982,19--
1079285,1982,19--
1079286,1982,18--
1079287,1982,18--
1079289,1982,19--
1079290,1982,19--
1080120,2021,19--
1080126,2021,19--
1080129,2021,19--
1080132,2021,19--
1080134,2021,19--
1080136,2021,19--
1080146,2021,19--
1080149,2021,19--
1080154,2021,19--
1080234,2021,19--
1080235,2021,19--
1080241,2021,19--
1080243,2021,19--
1080247,2021,19--
1080248,2021,19--
1080249,2021,19--
1080250,2021,19--
1080303,2021,19--
1080311,2021,19--
1080443,2021,19--
1080446,2021,19--
1080449,2021,19--
1080454,2021,19--
1080456,2021,19--
1080461,1929,19--
1080463,1929,19--
1080466,1901,19--
1080467,1901,19--
1080469,1884,1984
1080473,1891,19--
1080474,1891,19--
1080476,1881,19--
1080486,1881,19--
1080566,1924,19--
1080569,1888,19--
1080570,1888,19--
1080573,1894,19--
1080577,1894,19--
1080581,1894,19--
1080583,1894,19--
1080585,1894,19--
1080588,1894,19--
1080593,1894,19--
1080594,1894,19--
1080597,1904,19--
1080599,1904,18--
1080601,1901,19--
1080602,1901,19--
1080789,1929,19--
1080792,1899,19--
1080793,1899,189-
1080794,1899,19--
1080796,1899,19--
1080799,1899,19--
1080800,1899,19--
1080803,1983,19--
1080805,1983,19--
1082078,2022,19--
1082085,2022,19--
1082089,2022,19--
1082223,1958,19--
1082258,1958,19--
1082268,1958,19--
1082272,1958,19--
1082276,1958,19--
1082284,1958,19--
1082285,1958,19--
1082352,1958,19--
1082353,1958,19--
1082359,1958,19--
1082363,1958,19--
1082367,1958,19--
1082372,1958,19--
1082614,1958,19--
1082663,1958,19--
1082666,1958,19--
1082672,1958,19--
1082679,1958,19--
1082687,1958,19--
1083650,2022,19--
1083657,1984,19--
1083659,1984,19--
1083661,1984,18--
1083664,1984,19--
1083667,1984,19--
1083670,1984,19--
1083675,1984,19--
1083687,1984,19--
1083732,1984,19--
1083738,1984,19--
1083976,1984,19--
1083980,1940,19--
1083982,1940,19--
1083985,1940,19--
1083986,1940,19--
1083988,1940,19--
1083990,1940,19--
1084458,1940,19--
1084466,1940,19--
1084475,1940,19--
1084731,1939,19--
1084735,1939,19--
1084747,1940,19--
1084767,1924,19--
1084770,1924,19--
1084782,1926,1928
1085243,1974,19--
1085254,1980,19--
1085731,1990,19--
1085732,1990,19--
1085733,1990,19--
1085869,1948,19--
1085876,1941,19--
1085899,1941,19--
1085900,1941,19--
1085902,1941,19--
1085903,1941,19--
1085932,1969,19--
1086221,1969,19--
1086222,1969,19--
1086223,1969,19--
1086224,1969,19--
1086225,1969,19--
1086226,1969,19--
1086228,1969,19--
1086229,1969,19--
1086230,1969,19--
1086231,1969,19--
1086232,1969,19--
1086293,1943,19--
1086297,1943,19--
1086302,1943,19--
1086331,1943,19--
1086340,1943,19--
1086420,2022,19--
1086423,2022,19--
1086424,2022,19--
1086425,2022,19--
1086426,2022,19--
1086427,2022,19--
1086431,1984,19--
1086433,1984,19--
1086434,1984,19--
1086436,1984,19--
1087090,1984,19--
1087092,1984,19--
1087096,1984,19--
1087110,1984,19--
1087117,1984,19--
1087125,1984,19--
1087130,1984,19--
1087159,1984,19--
1087224,1984,19--
1087225,1984,19--
1087226,1984,19--
1087227,1984,19--
1087228,1984,19--
1087229,1984,19--
1087230,1984,19--
1087231,1984,19--
1087302,1984,19--
1087304,1984,19--
1087307,1984,19--
1087309,1984,19--
1087310,1984,19--
1087313,1984,19--
1087314,1984,19--
1087419,1984,19--
1087455,1984,19--
1087474,1984,19--
1087485,1984,19--
1087492,1984,19--
1087502,1984,19--
1087503,1984,19--
1087514,1984,19--
1087527,1984,izdošanas gads nav zināms
1087805,1984,19--
1088161,1915,19--
1088164,1915,19--
1088166,1915,19--
1088168,1985,19--
1088171,1985,19--
1088173,1985,19--
1088177,1985,19--
1088179,1985,19--
1088183,1985,19--
1088184,1985,19--
1088186,1985,19--
1088187,1985,19--
1088190,1985,19--
1088192,1985,19--
1088193,1985,19--
1088196,1985,19--
1088200,1985,19--
1088202,1985,19--
1088259,1985,19--
1088981,2022,19--
1088982,2022,18--
1088983,2022,19--
1088985,2022,19--
1088986,2022,19--
1088987,2022,19--
1089090,1985,19--
1089093,1985,19--
1089153,1985,19--
1089154,1985,19--
1089155,1985,19--
1089156,1985,19--
1089158,1985,19--
1089162,1985,19--
1089164,1985,19--
1089165,1985,19--
1089169,1985,19--
1089170,1985,19--
1089172,1985,19--
1089174,1985,19--
1089175,1985,19--
1089176,1985,19--
1089178,1985,19--
1089179,1985,19--
1089180,1985,19--
1089182,1985,19--
1089183,1985,19--
1089945,1906,19--
1089954,1906,189-
1089957,1906,19--
1089973,1925,19--
1089979,1925,19--
1089984,1925,19--
1089992,1925,19--
1089996,1925,19--
1090001,1925,19--
1090061,1925,19--
1090064,1925,19--
1090099,1943,19--
1090417,1992,19--
1090460,1890,19--
1090462,1890,18--
1090729,1890,19--
1090898,1899,19--
1090900,1899,19--
1090903,1899,19--
1090908,1899,19--
1090910,1899,19--
1090912,1899,19--
1090915,1899,19--
1090918,1899,19--
1090920,1899,19--
1090968,1985,18--
1090969,1985,18--
1090971,1880,19--
1090974,1901,1885
1090975,1901,19--
1090977,1883,19--
1090979,1883,19--
1090980,1883,19--
1090981,1883,19--
1090986,1889,18--
1090987,1889,19--
1091043,1925,19--
1091056,1927,19--
1091061,1882,19--
1091076,1888,18--
1091078,1888,19--
1091084,1888,19--
1091370,1888,19--
1091392,1888,19--
1092000,1985,19--
1092001,1985,19--
1092002,1985,19--
1092005,1985,19--
1092007,1985,19--
1092008,1985,19--
1092010,1985,19--
1092011,1985,19--
1092015,1985,19--
1092529,1936,19--
1092531,1936,19--
1092532,1936,19--
1092538,1973,19--
1092583,1895,19--
1092584,1895,19--
1092588,1895,19--
1092636,1895,19--
1093418,1895,19--
1093420,1895,19--
1093421,1895,19--
1093424,1895,19--
1093427,1895,19--
1093437,1895,19--
1093439,1895,19--
1093441,1895,19--
1093444,1895,19--
1093454,1943,19--
1093475,1943,nan
1093555,1943,19--
1093561,1943,19--
1093562,1943,19--
1093708,1943,19--
1093710,1862,19--
1093712,1910,19--
1093715,1899,19--
1093720,1986,19--
1093723,1986,19--
1093777,1986,19--
1093779,1986,19--
1093781,1986,19--
1093782,1986,19--
1093788,1898,19--
1093841,1986,19--
1093855,1986,19--
1093857,1986,19--
1094318,2021,19--
1094322,2021,19--
1095793,1986,191-
1095794,1986,19--
1095797,1986,19--
1095802,1900,19--
1095804,1900,19--
1095807,1903,19--
1095808,1903,19--
1095809,1903,19--
1095810,1903,19--
1095908,1987,1---
1095909,1987,19--
1095911,1987,19--
1095914,1898,19--
1096271,2022,19--
1096273,2022,19--
1096275,2022,19--
1096276,2022,19--
1096278,2022,18--
1096285,2022,19--
1096287,2022,19--
1096288,2022,19--
1096290,2022,19--
1096783,2022,19--
1096784,2022,19uu
1096785,2022,19--
1096789,1898,19--
1096790,1898,19--
1097808,2001,19--
1097812,1987,19--
1099576,1987,19--
1099579,1987,19--
1099582,1987,19--
1099591,1924,19--
1099593,1924,19--
1099600,1924,1---
1099604,1892,19--
1099606,1892,19--
1099610,1904,19--
1099611,1897,1894
1099613,1897,18--
1099619,1894,19--
1099620,1894,19--
1099623,1894,19--
1099637,1910,19--
1099639,1910,19--
1099644,1942,19--
1099645,1942,19--
1099649,1889,19--
1099652,1889,18--
1099655,1889,19--
1099659,1862,19--
1099664,1881,19--
1099671,1896,19--
1099680,1896,19--
1099683,1896,19--
1100024,1896,19--
1100026,1896,19--
1100033,1891,19--
1100037,1891,19--
1100041,1891,19--
1100044,1891,19--
1100045,1891,19--
1100057,1905,nan
1100157,1891,19--
1100166,1891,19--
1100469,1891,19--
1100481,1891,19--
1100487,1891,19--
1100512,1891,19--
1100514,1891,19--
1100515,1891,19--
1100536,1891,19--
1100537,1891,19--
1100538,1891,19--
1100540,1891,19--
1100542,1891,19--
1100544,1891,19--
1100548,1891,19--
1100566,1891,19--
1100592,1891,19--
1100596,1840,19--
1100598,1840,19--
1100601,1840,19--
1100604,1840,19--
1100606,1882,19--
1100643,1925,19--
1100645,1925,18--
1100647,1859,19--
1100649,1859,18--
1100654,1824,19--
1100656,1824,19--
1100668,1893,188-
1100712,1898,19--
1100716,1898,19--
1100719,1897,19--
1100721,1897,19--
1100722,1897,19--
1100726,1897,19--
1100730,1897,19--
1100733,1897,19--
1100735,1897,19--
1100736,1897,19--
1100875,1948,19--
1100906,1948,19--
1100911,1948,19--
1100914,1948,19--
1100937,1948,19--
1100947,1948,19--
1101061,1948,19--
1101065,1948,19--
1101068,1948,19--
1101070,1948,19--
1101072,1948,19--
1101075,1948,19--
1101077,1948,19--
1101177,1948,19--
1101186,1899,19--
1101408,2022,19--
1101698,1941,1947
1101902,1963,19--
1101904,1963,19--
1101908,1898,19--
1101909,1898,19--
1101911,1898,19--
1101914,1894,19--
1101917,1894,19--
1101919,1899,19--
1101969,1892,19--
1101974,1892,19--
1101977,1892,19--
1101979,1886,19--
1101987,1886,19--
1101999,1891,19--
1102001,1891,19--
1102003,1891,19--
1102004,1891,19--
1102005,1891,19--
1102007,1891,19--
1102008,1891,19--
1102009,1891,19--
1102010,1891,19--
1102014,1891,19--
1102016,1891,19--
1102018,1891,19--
1102038,1891,19--
1102198,1931,19--
1102204,1988,19--
1102206,1988,19--
1102209,1899,19--
1102211,1899,19--
1102212,1899,19--
1102218,1899,19--
1102220,1903,19--
1102302,1903,1931
1102305,1903,19--
1102307,1903,19--
1102312,1931,19--
1102322,1883,19--
1102335,1885,19--
1102337,1885,19--
1102352,1988,19--
1102355,1988,19--
1102357,1988,19--
1102358,1988,19--
1102359,1988,19--
1102360,1988,19--
1102546,1946,19--
1102549,1946,19--
1102553,1945,19--
1102554,1945,19--
1102754,1988,189u
1102755,1988,189-
1102756,1988,19--
1102757,1988,19--
1102903,1988,19--
1102911,1988,19--
1102915,1988,19--
1102923,1905,19--
1102930,1905,19--
1102943,1910,19--
1103838,1890,19--
1103866,1921,1921?
1103982,2021,19--
1104548,1932,19uu
1104623,1943,19--
1105024,1943,19--
1105179,1949,19--
1105229,1900,19--
1105236,1885,19--
1105237,1885,19--
1105265,1892,19--
1105274,1899,19--
1105287,1890,19--
1105290,1890,19--
1105291,1890,19--
1105300,1895,19--
1105311,1931,19--
1105314,1931,189-
1105315,1931,19--
1105326,1931,18--
1105334,1904,19--
1105336,1904,19--
1105338,1904,19--
1105348,1904,19--
1105424,1896,19--
1105467,1944,19--
1105478,1944,19--
1105916,1972,19--
1105918,1972,1---
1105919,1972,19--
1105925,1976,19--
1105939,1988,19--
1106566,1892,19--
1106720,1887,19--
1106721,1887,18--
1107020,1984,19--
1107030,1889,19--
1107032,1889,18--
1107037,1892,18--
1107038,1892,19--
1107040,1892,19--
1107044,1899,18--
1107049,1943,18--
1107050,1943,19--
1107055,1887,19--
1107248,1901,18--
1107254,1901,19--
1107255,1901,18--
1107257,1901,19--
1107258,1901,19--
1107261,1901,19--
1107267,1899,19--
1107271,1901,19--
1107273,1901,18--
1107281,1897,19--
1107316,1897,19--
1107324,1897,19--
1107326,1897,19--
1107331,1908,19--
1107335,1895,19--
1107336,1895,19--
1107338,1895,19--
1107341,1904,1905
1107620,1990,1989
1107636,1989,1901
1107652,1989,18--
1107655,1989,19--
1107659,1989,19--
1107662,1989,18--
1107664,1989,19--
1107669,1867,19--
1107672,1867,19--
1107674,1867,18--
1107682,1890,19--
1107683,1890,18--
1107684,1890,18--
1107688,1924,19--
1107689,1924,19--
1107692,1924,18--
1107723,1924,19--
1107839,1892,18--
1107840,1892,189-
1108139,1892,19--
1108150,1892,19--
1108556,2022,19--
1108641,2022,19--
1109506,1988,19--
1111001,1988,19--
1111454,1943,19--
1111461,1933,19--
1111462,1933,19--
1111464,1933,19--
1111467,1933,19--
1111983,1991,19--
1111996,1991,19--
1111997,1991,19--
1112002,1991,19--
1112130,1896,19--
1112132,1896,19--
1112159,1882,18--
1112169,1882,18--
1112302,1863,18--
1112303,1863,18--
1112304,1863,18--
1112305,1863,19--
1112320,1863,19--
1112323,1863,19--
1112326,1863,19--
1112413,1863,19--
1113204,1863,19--
1113205,1863,19--
1114423,2022,19--
1114424,2022,19--
1114426,2022,19--
1114427,2022,19--
1114429,2022,193u
1114434,2022,19--
1114437,2022,19--
1114955,2022,193-
1114956,2022,19--
1114960,1944,19--
1114961,1944,19--
1114963,1941,19--
1114964,1941,19--
1116632,2022,19--
1116662,2022,1927
1116695,1824,19--
1116696,1824,18--
1116698,1824,189-
1116699,1824,18--
1116700,1824,18--
1116800,1909,19--
1117456,2023,19--
1117458,2023,19--
1117461,2023,19--
1117513,2023,19--
1117515,2023,19--
1117517,1931,19--
1117618,1931,19--
1117671,1931,19--
1117706,1902,19--
1117723,1959,19--
1117724,1959,19--
1117727,1959,19--
1117729,1959,19--
1117732,1906,19--
1117736,1906,19--
1117740,1906,19--
1117744,1906,19--
1117957,1906,19--
1117964,1906,19--
1118217,1906,19--
1118218,1906,19--
1118231,1883,19--
1118238,1883,19--
1118240,1883,19--
1118242,1883,19--
1118247,1883,19--
1118249,1883,19--
1118254,1883,19--
1118257,1883,19--
1118260,1883,19--
1118263,1883,19--
1118265,1883,18--
1118271,1883,19--
1118398,1931,19--
1118399,1931,19--
1118401,1931,19--
1118405,1883,18--
1118406,1883,19--
1118408,1883,18--
1118409,1883,19--
1118589,1883,19--
1118590,1883,19--
1118591,1883,19--
1118592,1883,19--
1118593,1883,19--
1119218,1904,19--
1119221,1904,19--
1119222,1904,18--
1119228,1904,19--
1119231,1904,18--
1119237,1904,19--
1119240,1904,18--
1119511,2023,19--
1119515,2023,19--
1119519,2023,19--
1119520,2023,19--
1119526,2023,19--
1119587,1923,19--
1119589,1924,19--
1119593,1931,19--
1119882,1934,18--
1119883,1934,19--
1119885,1934,19--
1119886,1934,19--
1119887,1934,19--
1119888,1934,19--
1119889,1934,19--
1119890,1934,19--
1119891,1934,19--
1119892,1934,19--
1119893,1934,19--
1120110,2022,19--
1120120,1961,19--
1120125,1961,19--
1120126,1961,19--
1120128,1961,19--
1120131,1961,19--
1120135,1961,19--
1120138,1961,19--
1120140,1961,19--
1120142,1961,19--
1120146,1961,19--
1120148,1961,19--
1120153,1960,19--
1120156,1960,19--
1120158,1960,18--
1120159,1960,19--
1120160,1960,19--
1120162,1960,19--
1120165,1960,19--
1120180,1960,19--
1120184,1960,19--
1120583,1993,19--
1120587,1993,19--
1120622,1995,19--
1120736,1995,19--
1120740,1995,19--
1120747,1995,19--
1120752,1943,19--
1120755,1943,19--
1120767,1943,19--
1120771,1943,19--
1120774,1943,19--
1120782,1943,19--
1120788,1943,19--
1120801,1943,19--
1120806,1943,19--
1120818,1943,1926
1120829,1943,19--
1120833,1943,18--
1120839,1943,19--
1120910,1943,19--
1120913,1943,19--
1120915,1943,19--
1120917,1943,19--
1120922,1891,19--
1120923,1891,19--
1120926,1891,19--
1120928,1891,19--
1120933,1891,19--
1120935,1891,19--
1121385,1996,19--
1121805,1940,19--
1121874,1940,19--
1121882,1940,19--
1121889,1940,19--
1121900,1940,19--
1121927,1940,19--
1121931,1940,19--
1121941,1940,19--
1121947,1940,19--
1121957,1940,19--
1122060,1899,189-
1122067,1897,19--
1122069,1897,19--
1122082,1897,19--
1122085,1897,19--
1122086,1897,19--
1122092,1943,19--
1122094,1943,19--
1122096,1943,19--
1122099,1943,19--
1122100,1943,19--
1122102,1943,19--
1122107,1943,19--
1122494,1943,19--
1122589,1943,19--
1122720,1943,19--
1122723,1932,19--
1122737,1887,19--
1122745,1887,19--
1123330,1839,18--
1123343,1839,19--
1123347,1839,19--
1123387,1839,19--
1123389,1839,19--
1123390,1839,19--
1123391,1839,19--
1123393,1839,19--
1123395,1839,19--
1123459,2023,19--
1123470,1894,19--
1123475,2022,19--
1123509,1899,19--
1123547,1895,189-
1123550,1895,189-
1124167,2022,19--
1124217,2022,18--
1124333,2022,18--
1124423,2022,19--
1124431,1984,18--
1124432,1984,19--
1124440,1984,19--
1124441,1984,19--
1124538,1984,19--
1124542,1984,19--
1124550,1984,19--
1124555,1984,19--
1124593,1893,19--
1124597,1893,19--
1124611,1943,19--
1124622,1898,19--
1124626,1898,19--
1124630,1898,19--
1124723,1898,19--
1124725,1898,19--
1124730,1898,19--
1124735,1898,19--
1124987,1985,19--
1125022,1889,18--
1125025,1889,19--
1125259,1889,18--
1125697,2022,1900
1125779,2014,19--
1125784,2012,19--
1125831,2019,19--
1125838,1940,19--
1125855,1938,19--
1125869,1938,19--
1125883,2005,19--
1126908,1964,19--
1126909,1964,19--
1126910,1964,19--
1126912,1964,19--
1126919,1899,1883
1126920,1899,18--
1126926,1899,19--
1126936,1932,19--
1126938,1932,19--
1127024,1943,19--
1127045,1943,19--
1127060,1973,196-
1127064,1973,19--
1127278,1965,19--
1127406,2022,19--
1127411,1925,19--
1127412,1925,19--
1127417,1925,19--
1127419,1925,18--
1127422,1925,19--
1127589,2021,18--
1127659,2021,196-
1128317,1968,19--
1128594,1967,19--
1128595,1967,196-
1128688,2022,19--
1128691,2022,19--
1128694,2022,19--
1128705,2022,19--
1128712,1942,18--
1128716,2009,18--
1128717,2009,19--
1128736,2021,19--
1128738,2021,19--
1128742,2021,18--
1129179,2021,19--
1129414,1947,19--
1129427,1947,19--
1129434,1947,19--
1129440,1947,19--
1129486,1947,19--
1129508,1948,1957
1129512,1948,19--
1129597,1945,19--
1131348,2023,19--
1131735,2023,19--
1131812,2023,19--
1131815,2023,19--
1131817,2023,19--
1131829,1927,19--
1131830,1927,19--
1131831,1927,19--
1131832,1927,19--
1131833,1927,19--
1131839,1856,19--
1131882,1884,19--
1131895,1884,19--
1131930,1863,18--
1131961,1863,19--
1131974,1954,19--
1131981,1954,19--
1131985,1954,19--
1131987,1954,19--
1132042,1954,19--
1132062,1951,19--
1132065,1948,19--
1132066,1948,19--
1132067,1948,19--
1132151,1949,19--
1132157,1949,19--
1132332,1949,19--
1132337,1949,19--
1132339,1949,19--
1132346,1949,19--
1132353,1949,19--
1132356,1949,19--
1132358,1949,19--
1132374,1969,19--
1132376,1969,19--
1132524,2005,19--
1135160,1896,19--
1135208,1971,nan
1135239,1970,nan
1135245,1971,19--
1135265,1970,1971
1136052,1949,nan
1136069,1940,19--
1136070,1940,19--
1136074,1940,19--
1136093,1940,19--
1136094,1940,19--
1136096,1940,19--
1136097,1940,19--
1136098,1940,19--
1136102,1940,19--
1137152,1950,19--
1137156,1950,19--
1137171,1950,19--
1137252,1948,19--
1137260,1950,19--
1137262,1950,19--
1137347,1931,19--
1139178,1947,19--
1139228,1949,19--
1139232,1949,19--
1139651,1947,19--
1139760,1945,19--
1139761,1945,19--
1139763,1945,19--
1139773,1945,19--
1139774,1945,19--
1139775,1945,19--
1139776,1945,19--
1141398,2023,19--
1141400,2023,19--
1141402,2023,19--
1141403,2023,19--
1141404,2023,19--
1141406,2023,19--
1141408,2023,19--
1141410,2023,19--
1141411,2023,nan
1141412,2023,19--
1141416,1924,19--
1141417,1924,19--
1141419,1924,19--
1141432,1924,19--
1141435,1902,19--
1141436,1902,19--
1141437,1902,18--
1141438,1902,18--
1141680,1902,19--
1141722,1943,18--
1141725,1943,18--
1141726,1943,19--
1141749,1943,19--
1141773,2022,1---
1141778,2022,19--
1141899,2018,19--
1142009,1941,19--
1142078,1941,18--
1142089,1941,19--
1142091,1941,19--
1142111,1941,19--
1142112,1941,19--
1142113,1941,19--
1142114,1941,19--
1142471,1941,19--
1142484,1941,18--
1143106,1939,19--
1143115,1939,19--
1143133,1891,19--
1143138,1891,19--
1143144,1951,1949
1143149,1951,19--
1143164,1951,19--
1143171,1949,19--
1143174,1949,19--
1143202,1949,19--
1143208,1971,19--
1143211,1971,19--
1143212,1971,19--
1143213,1971,19--
1143215,1958,19--
1143302,1958,19--
1143935,1949,19--
1143939,1949,19--
1143990,1949,19--
1143992,1949,19--
1143994,1949,19--
1144801,2023,19--
1144802,2023,19--
1144804,2023,19--
1144805,2023,19--
1144822,2023,19--
1144826,2023,19--
1144835,1933,18--
1144838,1933,19--
1144841,1933,19--
1144929,1933,19--
1144932,1948,19--
1144934,1948,19--
1144942,1943,19--
1144947,1900,19--
1144948,1900,19--
1144949,1900,19--
1144950,1900,18--
1144951,1900,18--
1144952,1900,19--
1144953,1900,19--
1144954,1900,19--
1145290,1900,19--
1146104,1925,1923-1925
1146278,2023,19--
1146306,2023,19--
1146310,2021,19--
1146311,2021,19--
1146499,2022,19--
1146501,2022,19--
1146502,2022,19--
1146506,2017,19--
1146507,2017,19--
1146515,2023,19--
1146520,2023,19--
1146526,1971,19--
1146527,1971,19--
1146531,1971,19--
1146534,1971,19--
1146535,1971,19--
1146536,1971,19--
1146537,1971,19--
1146538,1971,19--
1146656,2014,19--
1146657,2014,19--
1146659,2014,19--
1146685,2014,19--
1146686,2014,19--
1146687,2014,18--
1146688,2014,19--
1146689,2014,18--
1146690,2014,19--
1146692,2014,19--
1146693,2014,19--
1146694,2014,19--
1146696,1883,19--
1146698,1883,19--
1146701,1883,19--
1146702,1883,19--
1146705,1883,19--
1146706,1883,1982
1146760,1883,19--
1146765,1883,19--
1148988,2023,19--
1148993,2023,19--
1149010,2009,19--
1149013,2009,19--
1149017,2009,19--
1149024,2019,19--
1149025,2019,19--
1149033,2019,19--
1149038,2019,19--
1149051,1956,19--
1149055,1956,19--
1149061,2023,19--
1149067,1941,19--
1149265,1972,19--
1149269,1972,19--
1149272,1849,19--
1149296,1972,19--
1149298,1972,19--
1149299,1972,19--
1149336,2018,19--
1149338,2018,19--
1149339,2018,19--
1149342,2018,19--
1149346,2018,19--
1149347,2018,19--
1149364,2018,19--
1149365,2018,19--
1150225,2023,19--
1151031,2006,19--
1151035,2006,19--
1151040,1943,19--
1151041,1943,19--
1151042,1943,19--
1151102,1953,19--
1151122,1945,19--
1151253,1945,19--
1151254,1945,19--
1151267,1945,19--
1151284,1945,19--
1151288,1945,19--
1151310,1945,19--
1151320,1945,19--
1151329,1945,19--
1151375,1945,19--
1151381,1945,19--
1151384,1945,19--
1151389,1945,19--
1151564,1945,19--
1151571,1948,19--
1151572,1948,19--
1151573,1948,19--
1151574,1948,19--
1151575,1948,19--
1151577,1972,19--
1151579,1939,19--
1151580,1939,19--
1151581,1939,18--
1151602,1939,19--
1151608,1939,19--
1151614,1939,19--
1151618,1939,19--
1151627,1972,19--
1151629,1972,19--
1151631,1972,19--
1151883,2007,198-
1152287,2007,19--
1152288,2007,19--
1152293,1895,19--
1152573,1963,19--
1152576,1963,19--
1152577,1963,19--
1152581,1963,19--
1152582,1963,19--
1152585,1963,19--
1152594,1949,19--
1152970,2023,18--
1152971,2023,18--
1152975,2023,18--
1152983,1880,19--
1152987,1880,19--
1152999,2023,18--
1153001,2023,18--
1153246,1944,19--
1153905,1940,19--
1153910,1938,19--
1154003,1944,19--
1155032,1943,19--
1155166,1950,19--
1155170,1950,19--
1155173,1950,19--
1155176,1950,19--
1155248,1937,19--
1155250,1937,19--
1155401,2022,19--
1155408,1950,19--
1155422,1950,19--
1155424,1950,19--
1155428,1973,19--
1155431,1973,19--
1155439,1973,19--
1155443,1973,19--
1155452,1973,19--
1155490,1973,19--
1155509,1972,19--
1155513,1969,19--
1156122,2022,19--
1156129,2023,2003
1156400,2021,19--
1156409,1943,19--
1156425,1949,19--
1156426,1949,19--
1156428,1949,19--
1156429,1949,19--
1156431,1949,19--
1156433,1949,19--
1156434,1949,19--
1157691,2023,19--
1157694,2023,19--
1157754,1903,19--
1157755,1903,19--
1157756,1903,19--
1157758,1903,19--
1157761,1973,19--
1157769,1937,19--
1157770,1937,19--
1157771,1937,19--
1157772,1937,19--
1157773,1937,19--
1157774,1937,19--
1157777,1897,19--
1157778,1897,19--
1157779,1897,19--
1157780,1897,19--
1157781,1897,19--
1157782,1897,19--
1157784,1897,19--
1157791,1939,19--
1157792,1939,19--
1158750,1973,19--
1158751,1973,19--
1158754,1973,19--
1158760,1973,19--
1158771,1939,19--
1158777,1940,19--
1158779,1940,19--
1158783,1940,19--
1159491,1914,19--
1159497,1914,19--
1159498,1914,19--
1159500,1914,19--
1159501,1914,19--
1159503,1914,19--
1159523,1974,19--
1159545,1973,19--
1159547,1973,19--
1159550,1943,19--
1159554,1943,19--
1159563,1943,19--
1159565,1943,19--
1159567,1943,19--
1159580,1943,19--
1159581,1943,19--
1159584,1943,19--
1159586,1943,19--
1159589,1943,19--
1159642,1943,19--
1159646,1943,19--
1159648,1943,19--
1159650,1902,19--
1159651,1902,19--
1159653,1902,19--
1159657,1902,19--
1159699,1902,19--
1159702,1902,19--
1159777,1974,19--
1159781,1974,19--
1159784,1974,19--
1159786,1974,19--
1159787,1974,19--
1159789,1974,18--
1159791,1974,19--
1159795,1974,19--
1159884,1949,19--
1159993,1949,19--
1160001,1949,19--
1160008,1949,19--
1160015,1949,19--
1160020,1949,19--
1160029,1949,19--
1160052,1949,19--
1160055,1949,19--
1160154,1949,19--
1160245,1949,19--
1160252,1949,19--
1160259,1949,19--
1160353,1895,19--
1160361,1895,19--
1160362,1895,19--
1160363,1895,19--
1161019,1963,19--
1161265,2012,19--
1161267,2012,19--
1161269,2012,19--
1161273,2022,19--
1161533,2014,19--
1161534,2014,19--
1161537,2014,19--
1161540,2014,19--
1161543,2014,19--
1161544,2014,19--
1161547,2014,19--
1161548,2014,19--
1161623,2014,19--
1161626,2014,19--
1161629,2014,19--
1161633,2014,19--
1161634,2014,19--
1161641,2014,19--
1161643,2014,19--
1161646,2014,19--
1161650,2017,19--
1161652,2017,19--
1161656,2017,19--
1161657,2017,19--
1161658,2017,19--
1161661,2017,19--
1161662,2017,19--
1161663,2017,19--
1163274,2020,19--
1163331,2020,19--
1163334,2020,19--
1163338,2020,18--
1163340,2020,19--
1163343,2020,19--
1163348,2020,19--
1163368,1942,19--
1163392,1974,19--
1163452,1898,19--
1163455,1901,19--
1163457,2024,19--
1163458,2024,19--
1163459,2024,19--
1163465,2024,19--
1163471,2024,19--
1163474,2024,19--
1163477,2024,18--
1163482,2024,19--
1163483,2024,19--
1163484,2024,19--
1163489,2024,19--
1163490,2024,19--
1163491,2024,19--
1163494,2024,19--
1163495,2024,19--
1163496,2024,19--
1163497,2024,19--
1163498,2024,19--
1163500,2024,19--
1163962,1940,19--
1164582,1941,19--
1164591,1947,19--
1164593,1947,19--
1164600,1947,19--
1164607,1903,19--
1164609,1903,19--
1164659,1974,19--
1164660,1974,19--
1164661,1974,19--
1164677,1975,19--
1164680,1975,19--
1164684,1950,19--
1164686,1950,19--
1164687,1950,19--
1164689,1950,19--
1164937,1956,19--
1164939,1956,19--
1164944,1956,19--
1164946,1956,18--
1164958,1956,19--
1164996,1901,19--
1165001,1901,19--
1165103,1893,19--
1165115,1907,19--
1165116,1907,19--
1165128,1907,19--
1165132,1907,19--
1165133,1907,19--
1165137,1899,19--
1165913,1974,19--
1165937,1974,19--
1165983,1942,19--
1166010,1886,19--
1166022,1886,19--
1166048,1899,19--
1166072,1975,19--
1166088,1975,19--
1166091,1975,19--
1166094,1975,19--
1166385,1975,19--
1166406,1975,19--
1166427,1975,19--
1166429,1975,19--
1166436,1975,1971
1166444,2020,19--
1166450,2020,19--
1166704,2020,19--
1166705,2020,19--
1166712,1899,19--
1166714,1899,19--
1166715,1899,19--
1166716,1899,19--
1166718,1899,19--
1166719,1899,19--
1166721,1899,19--
1166727,1899,19--
1166729,1899,19--
1166730,1899,19--
1166737,1899,19--
1167045,1899,19--
1167269,2022,189-
1167566,2023,19--
1167582,1975,19--
1167590,1978,1976
1167595,1976,19--
1167613,1900,19--
1168207,2022,19--
1168213,2022,19--
1168214,2022,18--
1168219,2022,19--
1168221,2022,19--
1168227,2022,19--
1168230,2022,19--
1168234,2022,19--
1168238,2022,19--
1168240,2022,19--
1168242,2022,1900
1168245,2022,19--
1168249,1898,19--
1168251,1898,19--
1168340,1976,19--
1168356,1899,19--
1168357,1899,19--
1168358,1899,19--
1168360,1899,19--
1168362,1899,18--
1168363,1899,19--
1168364,1899,19--
1168366,1899,19--
1168367,1899,19--
1168603,2022,19--
1168604,2022,19--
1168608,2022,19--
1168648,2021,19--
1168933,2020,202-
1169423,2021,202-
1169788,2024,202-
1170267,2022,19--
1170268,2022,19--
1170269,2022,19--
1170270,2022,19--
1170272,1929,19--
1170273,1929,19--
1170274,1929,19--
1170753,2022,202-
1170823,2022,19--
1170824,2022,19--
1170826,2022,19--
1170855,2022,19--
1170856,2022,19--
1170858,1977,19--
1170859,1977,19--
1170860,1977,18--
1170861,1977,19--
1170864,1976,19--
1170868,1899,19--
1170884,2023,19--
1170887,2023,19--
1170892,1977,19--
1171352,1933,18--
1171354,1933,18--
1171358,1933,19--
1171362,1976,19--
1171369,1976,19--
1171373,1976,19--
1171393,1899,19--
1171398,1899,19--
1171409,1899,19--
1171430,1977,19--
1171507,1977,19--
1171509,1977,19--
1171510,1977,19--
1171511,1977,19--
1171512,1977,nan
1171516,1977,19--
1171518,1977,19--
1171528,1977,19--
1171530,1977,19--
1171531,1977,19--
1171548,1977,19--
1171549,1977,19--
1171551,1977,19--
1171559,1977,19--
1171563,1977,19--
1171568,1977,19--
1171572,1977,18--
1171574,1977,19--
1171579,1977,20--
1171583,1977,19--
1171584,1977,19--
1171966,1977,20--
1171967,1977,20--
1172094,1977,19--
1172404,1977,19--
1172409,1977,19--
1172410,1977,19--
1172411,1977,19--
1172413,1977,19--
1172418,1977,19--
1172437,1977,19--
1172443,1977,19--
1172445,1977,19--
1172449,1977,19--
1172495,1977,19--
1172497,1977,19--
1172498,1977,19--
1172499,1977,19--
1172500,1977,19--
1172501,1977,19--
1172504,1977,19--
1172506,1977,19--
1172553,1977,19--
1172554,1977,19--
1172555,1977,19--
1172558,1977,19--
1172559,1977,19--
1172561,1977,19--
1172562,1977,19--
1172603,1977,19--
1172604,1977,19--
1172605,1977,19--
1172606,1977,19--
1172607,1977,19--
1172608,1977,19--
1172609,1977,19--
1172610,1977,19--
1172611,1977,19--
1172612,1977,19--
1172613,1977,19--
1172614,1977,19--
1172615,1977,19--
1172616,1977,19--
1172617,1977,19--
1172618,1977,19--
1172619,1977,19--
1172620,1977,19--
1172621,1977,19--
1172622,1977,19--
1172623,1977,19--
1172624,1977,19--
1172625,1977,19--
1173282,2024,19--
1173387,1977,19--
1173392,1977,19--
1173405,1977,18--
1173409,1970,19--
1173411,1888,19--
1173516,1888,19--
1173519,1888,19--
1173522,1888,19--
1173523,1888,19--
1173525,1888,19--
1173549,1888,19--
1173551,1888,19--
1173552,1888,19--
1173553,1888,19--
1173559,1888,19--
1173564,1888,19--
1173568,1888,19--
1173571,1888,19--
1173574,1888,19--
1173578,1888,19--
1173580,1888,19--
1173581,1888,19--
1173582,1888,19--
1173627,1888,19--
1173629,1888,19--
1173630,1888,19--
1173641,1888,19--
1173644,1888,19--
1173646,1888,19--
1173740,1888,18--
1175734,2014,19--
1175738,2014,19--
1175743,2014,19--
1175753,1977,19--
1176046,1977,19--
1176047,1977,19--
1176054,1977,19--
1176056,1977,19--
1176058,1901,19--
1176068,1901,19--
1176126,1901,19--
1176130,1901,19--
1176150,1977,19--
1176196,1883,19--
1176198,1883,19--
1176202,1883,19--
1176228,1883,19--
1176318,2022,202-
1176327,2022,19--
1176329,2022,19--
1176345,1867,19--
1176353,1977,19--
1176356,1977,19--
1177760,2013,202-
1177772,2013,202-
1177841,2013,202-
1178278,2020,19--
1178323,1976,19--
1178348,2011,202-
1178482,1978,19--
1178487,1978,19--
1178488,1978,19--
1178495,1978,19--
1178907,2012,19--
1178919,2012,19--
1179047,2017,19--
1179057,2017,19--
1179340,2017,202-
1179401,2017,202-
1179450,2005,193-
1196982,1977,19--
1197008,1977,19--
1197014,1893,19--
1197072,1941,19--
1197073,1941,19--
1197075,1941,19--
1197078,1941,19--
1197079,1941,19--
1197088,1941,19--
1197089,1941,19--
1197090,1941,19--
1197091,1941,19--
1197093,1941,19--
1197094,1941,19--
1197096,1941,19--
1197097,1941,19--
1197297,1940,19--
1197298,1940,18--
1197299,1940,19--
1197301,1940,19--
1197303,1940,19--
1197304,1940,19--
1197305,1940,19--
1197422,1950,19--
1197489,2024,19--
1197515,2024,19--
1197517,2024,19--
1197527,2024,19--
1197530,2024,19--
1197532,2024,19--
1197557,2024,19--
1197560,2024,19--
1197562,2024,19--
1197570,2024,19--
1197671,1957,202-
1197708,1977,1979
1199311,2014,202-
1199682,2015,19--
1199687,1898,19--
1199746,1898,19--
1199750,1898,19--
1199778,1898,19--
1199817,1978,19--
1199958,1978,19--
1199962,1978,19--
1201193,2024,20--
1201264,2024,19--
1201265,2024,19--
1201316,1978,19--
1201320,1978,19--
1201324,1978,19--
1201325,1978,19--
1201334,1903,19--
1202541,2024,18--
1202543,2024,18--
1202800,2024,202-
1203412,1979,19--
1203477,1951,19--
1203478,1951,19--
1203515,1897,19--
1203517,1897,19--
1203524,1897,19--
1203530,1897,19--
1203673,1897,19--
1203677,1897,19--
1203689,1897,19--
1203793,1978,19--
1203794,1978,19--
1203795,1978,19--
1203816,1942,19--
1203817,1942,19--
1203818,1942,19--
1204755,1979,19--
1204759,1979,19--
1204763,1979,19--
1204791,1898,19--
1204792,1898,19--
1204797,1898,19--
1204886,1898,19--
1204943,1898,19--
1204954,1908,19--
1204962,1908,19--
1204966,1892,19--
1204968,1892,19--
1204970,1892,19--
1204971,1892,19--
1204973,1892,19--
1204974,1892,19--
1204976,1892,19--
1205068,1892,19--
1205086,1892,19--
1205191,1979,18--
1206254,1979,19--
1206257,1979,19--
1206262,1979,19--
1206266,1979,19--
1206392,2024,19--
1206397,2024,19--
1206402,2024,19--
1206405,2024,19--
1206415,2024,19--
1206427,2024,19--
1206434,2024,19--
1206573,2024,19--
1206598,1893,19--
1206612,1893,19--
1206614,1893,19--
1206621,1893,19--
1206626,1893,19--
1206636,1893,19--
1206645,1978,19--
1206647,1978,19--
1206655,1902,19--
1207631,2024,188-
1207678,2024,188-
1207855,2024,19--
1207858,1979,19--
1207996,1958,19--
1208165,1958,19--
1208169,1958,19--
1208174,1958,19--
1208177,1958,19--
1208236,1958,19--
1208242,1958,19--
1208286,1958,19--
1208303,1958,19--
1208305,1958,19--
1208307,1958,19--
1208310,1893,19--
1208477,1893,19--
1208483,1893,19--
1208484,1893,19--
1208486,1893,19--
1208490,1893,19--
1208510,1893,19--
1208556,1901,19--
1208579,1901,19--
1208581,1901,19--
1208583,1901,19--
1208585,1901,19--
1208590,1901,19--
1208592,1901,19--
1208598,1901,19--
1208601,1901,19--
1209343,2023,19--
1209345,2023,19--
1209478,1898,19--
1209615,2024,19--
1209617,2024,19--
1209622,2024,19--
1209625,2024,19--
1209626,2024,19--
1209655,2024,19--
1209658,2024,19--
1209664,2024,19--
1209857,1980,18--
1209894,1887,19--
1209979,1903,19--
1209993,1903,19--
1209997,1903,19--
1210003,1903,19--
1210022,1903,19--
1210220,1979,19--
1210223,1900,19--
1210225,1900,19--
1210721,1979,19--
1211064,2023,19--
1211212,1979,19--
1211214,1859,18--
1211215,1859,19--
1211218,1897,19--
1211319,2024,19--
1211330,2024,19--
1211526,2024,19--
1211579,2024,18--
1211653,1901,19--
1211688,1901,19--
1211692,2023,19--
1211713,1899,nan
1211719,1899,19--
1211726,1899,19--
1211905,1979,19--
1211910,1979,1893
1211918,1893,19--
1213133,2020,19--
1213619,2021,19--
1215916,1907,19--
1217384,2024,19--
1217419,2024,19--
1220427,2024,19--
1221457,2023,19--
1221461,2023,19--
1221463,2023,19--
1221464,2023,19--
1222310,1934,19--
1222583,1976,1894
1223344,1890,19--
1223586,1890,19--
1230597,2021,19--
1230618,2025,19--
1230634,2025,19--
1230758,2025,19--
1231029,2025,19--
1231093,2025,19--
1231445,2025,19--
1233108,2004,19--
1233494,1914,19--
1233499,1914,19--
1233611,1914,19--
1234798,2024,19--
1234834,2024,19--
1234854,2024,19--
1235432,2024,19--
1247766,2025,19--
1305316,2025,19--
1306709,2021,2024
1309076,1988,1990
